{
    "initialization": {
        "components": {
            "CO2": {
                "acentricFactor": 0.22394,
                "bondTypes": [],
                "cbmcStartingBead": 0,
                "criticalPressure": 7377300.0,
                "criticalTemperature": 304.1282,
                "diagonalizedInertiaVector": [
                    42.2448477588,
                    42.2448477588,
                    0.0
                ],
                "fugacityCoefficient": 1.0,
                "id": 0,
                "mass": 43.9988,
                "molFraction": 1.0,
                "moveProbabilities": {
                    "Gibbs Swap-move (CBMC) probability": 0.0,
                    "Gibbs Swap-move (CFCMC) probability": 0.0,
                    "Gibbs Swap-move (CFCMC/CBMC) probability": 0.0,
                    "Gibbs Volume-move probability": 0.0,
                    "Identity-change (CBMC) probability": 0.0,
                    "Parallel Tempering Swap": 0.0,
                    "Random rotation-move probability": 0.0,
                    "Random translation-move probability": 0.0,
                    "Reinsertion (CBMC) probability": 0.2,
                    "Rotation-move probability": 0.2,
                    "Swap-move (CBMC) probability": 0.0,
                    "Swap-move (CFCMC) probability": 0.0,
                    "Swap-move (CFCMC/CBMC) probability": 0.4,
                    "Translation-move probability": 0.2,
                    "Volume-move probability": 0.0,
                    "Widom (CFCMC) probability": 0.0,
                    "Widom (CFCMC/CBMC) probability": 0.0,
                    "Widom probability": 0.0
                },
                "n_atoms": 3,
                "n_bonds": 0,
                "name": "CO2",
                "netCharge": 0.0,
                "rotationalDOF": 2,
                "shape": "linear",
                "swappable": true,
                "translationalDOF": 3
            },
            "ITQ-29": {
                "bondTypes": [],
                "id": 0,
                "mass": 16177.247999999809,
                "n_bonds": 0,
                "name": "ITQ-29"
            }
        },
        "forceField": {
            "Ewald": {
                "alpha": 0.26505830360350674,
                "kVectors": [
                    7,
                    7,
                    7
                ],
                "precision": 1e-06
            },
            "interactions": [
                {
                    "potential": "Lennard-Jones",
                    "shift [K]": -0.09165246430970038,
                    "tailCorrections": false,
                    "typeA": "O",
                    "typeB": "O",
                    "ε/kʙ [K]": 53.0,
                    "σ/kʙ [Å]": 3.3
                },
                {
                    "potential": "Lennard-Jones",
                    "shift [K]": 0.0,
                    "tailCorrections": false,
                    "typeA": "O",
                    "typeB": "O",
                    "ε/kʙ [K]": 0.0,
                    "σ/kʙ [Å]": 1.65
                },
                {
                    "potential": "Lennard-Jones",
                    "shift [K]": -0.022039405953303906,
                    "tailCorrections": false,
                    "typeA": "O",
                    "typeB": "O",
                    "ε/kʙ [K]": 34.14674215792775,
                    "σ/kʙ [Å]": 2.8
                },
                {
                    "potential": "Lennard-Jones",
                    "shift [K]": 0.0,
                    "tailCorrections": false,
                    "typeA": "O",
                    "typeB": "O",
                    "ε/kʙ [K]": 0.0,
                    "σ/kʙ [Å]": 1.65
                },
                {
                    "potential": "Lennard-Jones",
                    "shift [K]": -0.04066984573939883,
                    "tailCorrections": false,
                    "typeA": "O",
                    "typeB": "O",
                    "ε/kʙ [K]": 39.830252321570846,
                    "σ/kʙ [Å]": 3.0225
                },
                {
                    "potential": "Lennard-Jones",
                    "shift [K]": -0.08959179262189224,
                    "tailCorrections": false,
                    "typeA": "O",
                    "typeB": "O",
                    "ε/kʙ [K]": 67.38369980937526,
                    "σ/kʙ [Å]": 3.1585
                },
                {
                    "potential": "Lennard-Jones",
                    "shift [K]": 0.0,
                    "tailCorrections": false,
                    "typeA": "O",
                    "typeB": "O",
                    "ε/kʙ [K]": 0.0,
                    "σ/kʙ [Å]": 1.65
                },
                {
                    "potential": "Lennard-Jones",
                    "shift [K]": 0.0,
                    "tailCorrections": false,
                    "typeA": "O",
                    "typeB": "O",
                    "ε/kʙ [K]": 0.0,
                    "σ/kʙ [Å]": 1.65
                },
                {
                    "potential": "Lennard-Jones",
                    "shift [K]": 0.0,
                    "tailCorrections": false,
                    "typeA": "O",
                    "typeB": "O",
                    "ε/kʙ [K]": 0.0,
                    "σ/kʙ [Å]": 1.65
                },
                {
                    "potential": "Lennard-Jones",
                    "shift [K]": 0.0,
                    "tailCorrections": false,
                    "typeA": "O",
                    "typeB": "O",
                    "ε/kʙ [K]": 0.0,
                    "σ/kʙ [Å]": 1.65
                },
                {
                    "potential": "Lennard-Jones",
                    "shift [K]": 0.0,
                    "tailCorrections": false,
                    "typeA": "O",
                    "typeB": "O",
                    "ε/kʙ [K]": 0.0,
                    "σ/kʙ [Å]": 1.65
                },
                {
                    "potential": "Lennard-Jones",
                    "shift [K]": -0.22945404337138195,
                    "tailCorrections": false,
                    "typeA": "O",
                    "typeB": "O",
                    "ε/kʙ [K]": 91.65424158215484,
                    "σ/kʙ [Å]": 3.51
                },
                {
                    "potential": "Lennard-Jones",
                    "shift [K]": 0.0,
                    "tailCorrections": false,
                    "typeA": "O",
                    "typeB": "O",
                    "ε/kʙ [K]": 0.0,
                    "σ/kʙ [Å]": 1.65
                },
                {
                    "potential": "Lennard-Jones",
                    "shift [K]": 0.0,
                    "tailCorrections": false,
                    "typeA": "O",
                    "typeB": "O",
                    "ε/kʙ [K]": 0.0,
                    "σ/kʙ [Å]": 1.65
                },
                {
                    "potential": "Lennard-Jones",
                    "shift [K]": 0.0,
                    "tailCorrections": false,
                    "typeA": "O",
                    "typeB": "O",
                    "ε/kʙ [K]": 0.0,
                    "σ/kʙ [Å]": 1.65
                },
                {
                    "potential": "Lennard-Jones",
                    "shift [K]": 0.0,
                    "tailCorrections": false,
                    "typeA": "O",
                    "typeB": "O",
                    "ε/kʙ [K]": 0.0,
                    "σ/kʙ [Å]": 1.65
                },
                {
                    "potential": "Lennard-Jones",
                    "shift [K]": 0.0,
                    "tailCorrections": false,
                    "typeA": "Al",
                    "typeB": "Al",
                    "ε/kʙ [K]": 0.0,
                    "σ/kʙ [Å]": 0.0
                },
                {
                    "potential": "Lennard-Jones",
                    "shift [K]": 0.0,
                    "tailCorrections": false,
                    "typeA": "Al",
                    "typeB": "Al",
                    "ε/kʙ [K]": 0.0,
                    "σ/kʙ [Å]": 1.15
                },
                {
                    "potential": "Lennard-Jones",
                    "shift [K]": 0.0,
                    "tailCorrections": false,
                    "typeA": "Al",
                    "typeB": "Al",
                    "ε/kʙ [K]": 0.0,
                    "σ/kʙ [Å]": 0.0
                },
                {
                    "potential": "Lennard-Jones",
                    "shift [K]": 0.0,
                    "tailCorrections": false,
                    "typeA": "Al",
                    "typeB": "Al",
                    "ε/kʙ [K]": 0.0,
                    "σ/kʙ [Å]": 1.3725
                },
                {
                    "potential": "Lennard-Jones",
                    "shift [K]": 0.0,
                    "tailCorrections": false,
                    "typeA": "Al",
                    "typeB": "Al",
                    "ε/kʙ [K]": 0.0,
                    "σ/kʙ [Å]": 1.5085
                },
                {
                    "potential": "Lennard-Jones",
                    "shift [K]": 0.0,
                    "tailCorrections": false,
                    "typeA": "Al",
                    "typeB": "Al",
                    "ε/kʙ [K]": 0.0,
                    "σ/kʙ [Å]": 0.0
                },
                {
                    "potential": "Lennard-Jones",
                    "shift [K]": 0.0,
                    "tailCorrections": false,
                    "typeA": "Al",
                    "typeB": "Al",
                    "ε/kʙ [K]": 0.0,
                    "σ/kʙ [Å]": 0.0
                },
                {
                    "potential": "Lennard-Jones",
                    "shift [K]": 0.0,
                    "tailCorrections": false,
                    "typeA": "Al",
                    "typeB": "Al",
                    "ε/kʙ [K]": 0.0,
                    "σ/kʙ [Å]": 0.0
                },
                {
                    "potential": "Lennard-Jones",
                    "shift [K]": 0.0,
                    "tailCorrections": false,
                    "typeA": "Al",
                    "typeB": "Al",
                    "ε/kʙ [K]": 0.0,
                    "σ/kʙ [Å]": 0.0
                },
                {
                    "potential": "Lennard-Jones",
                    "shift [K]": 0.0,
                    "tailCorrections": false,
                    "typeA": "Al",
                    "typeB": "Al",
                    "ε/kʙ [K]": 0.0,
                    "σ/kʙ [Å]": 0.0
                },
                {
                    "potential": "Lennard-Jones",
                    "shift [K]": 0.0,
                    "tailCorrections": false,
                    "typeA": "Al",
                    "typeB": "Al",
                    "ε/kʙ [K]": 0.0,
                    "σ/kʙ [Å]": 1.86
                },
                {
                    "potential": "Lennard-Jones",
                    "shift [K]": 0.0,
                    "tailCorrections": false,
                    "typeA": "Al",
                    "typeB": "Al",
                    "ε/kʙ [K]": 0.0,
                    "σ/kʙ [Å]": 0.0
                },
                {
                    "potential": "Lennard-Jones",
                    "shift [K]": 0.0,
                    "tailCorrections": false,
                    "typeA": "Al",
                    "typeB": "Al",
                    "ε/kʙ [K]": 0.0,
                    "σ/kʙ [Å]": 0.0
                },
                {
                    "potential": "Lennard-Jones",
                    "shift [K]": 0.0,
                    "tailCorrections": false,
                    "typeA": "Al",
                    "typeB": "Al",
                    "ε/kʙ [K]": 0.0,
                    "σ/kʙ [Å]": 0.0
                },
                {
                    "potential": "Lennard-Jones",
                    "shift [K]": 0.0,
                    "tailCorrections": false,
                    "typeA": "Al",
                    "typeB": "Al",
                    "ε/kʙ [K]": 0.0,
                    "σ/kʙ [Å]": 0.0
                },
                {
                    "potential": "Lennard-Jones",
                    "shift [K]": -0.004362552641146898,
                    "tailCorrections": false,
                    "typeA": "Si",
                    "typeB": "Si",
                    "ε/kʙ [K]": 22.0,
                    "σ/kʙ [Å]": 2.3
                },
                {
                    "potential": "Lennard-Jones",
                    "shift [K]": 0.0,
                    "tailCorrections": false,
                    "typeA": "Si",
                    "typeB": "Si",
                    "ε/kʙ [K]": 0.0,
                    "σ/kʙ [Å]": 1.15
                },
                {
                    "potential": "Lennard-Jones",
                    "shift [K]": -0.008855407605286284,
                    "tailCorrections": false,
                    "typeA": "Si",
                    "typeB": "Si",
                    "ε/kʙ [K]": 25.661761436035526,
                    "σ/kʙ [Å]": 2.5225
                },
                {
                    "potential": "Lennard-Jones",
                    "shift [K]": -0.020529076412946656,
                    "tailCorrections": false,
                    "typeA": "Si",
                    "typeB": "Si",
                    "ε/kʙ [K]": 43.41384571769702,
                    "σ/kʙ [Å]": 2.6585
                },
                {
                    "potential": "Lennard-Jones",
                    "shift [K]": 0.0,
                    "tailCorrections": false,
                    "typeA": "Si",
                    "typeB": "Si",
                    "ε/kʙ [K]": 0.0,
                    "σ/kʙ [Å]": 1.15
                },
                {
                    "potential": "Lennard-Jones",
                    "shift [K]": 0.0,
                    "tailCorrections": false,
                    "typeA": "Si",
                    "typeB": "Si",
                    "ε/kʙ [K]": 0.0,
                    "σ/kʙ [Å]": 1.15
                },
                {
                    "potential": "Lennard-Jones",
                    "shift [K]": 0.0,
                    "tailCorrections": false,
                    "typeA": "Si",
                    "typeB": "Si",
                    "ε/kʙ [K]": 0.0,
                    "σ/kʙ [Å]": 1.15
                },
                {
                    "potential": "Lennard-Jones",
                    "shift [K]": 0.0,
                    "tailCorrections": false,
                    "typeA": "Si",
                    "typeB": "Si",
                    "ε/kʙ [K]": 0.0,
                    "σ/kʙ [Å]": 1.15
                },
                {
                    "potential": "Lennard-Jones",
                    "shift [K]": 0.0,
                    "tailCorrections": false,
                    "typeA": "Si",
                    "typeB": "Si",
                    "ε/kʙ [K]": 0.0,
                    "σ/kʙ [Å]": 1.15
                },
                {
                    "potential": "Lennard-Jones",
                    "shift [K]": -0.05881515983195495,
                    "tailCorrections": false,
                    "typeA": "Si",
                    "typeB": "Si",
                    "ε/kʙ [K]": 59.0508255657785,
                    "σ/kʙ [Å]": 3.01
                },
                {
                    "potential": "Lennard-Jones",
                    "shift [K]": 0.0,
                    "tailCorrections": false,
                    "typeA": "Si",
                    "typeB": "Si",
                    "ε/kʙ [K]": 0.0,
                    "σ/kʙ [Å]": 1.15
                },
                {
                    "potential": "Lennard-Jones",
                    "shift [K]": 0.0,
                    "tailCorrections": false,
                    "typeA": "Si",
                    "typeB": "Si",
                    "ε/kʙ [K]": 0.0,
                    "σ/kʙ [Å]": 1.15
                },
                {
                    "potential": "Lennard-Jones",
                    "shift [K]": 0.0,
                    "tailCorrections": false,
                    "typeA": "Si",
                    "typeB": "Si",
                    "ε/kʙ [K]": 0.0,
                    "σ/kʙ [Å]": 1.15
                },
                {
                    "potential": "Lennard-Jones",
                    "shift [K]": 0.0,
                    "tailCorrections": false,
                    "typeA": "Si",
                    "typeB": "Si",
                    "ε/kʙ [K]": 0.0,
                    "σ/kʙ [Å]": 1.15
                },
                {
                    "potential": "Lennard-Jones",
                    "shift [K]": 0.0,
                    "tailCorrections": false,
                    "typeA": "He",
                    "typeB": "He",
                    "ε/kʙ [K]": 0.0,
                    "σ/kʙ [Å]": 0.0
                },
                {
                    "potential": "Lennard-Jones",
                    "shift [K]": 0.0,
                    "tailCorrections": false,
                    "typeA": "He",
                    "typeB": "He",
                    "ε/kʙ [K]": 0.0,
                    "σ/kʙ [Å]": 1.3725
                },
                {
                    "potential": "Lennard-Jones",
                    "shift [K]": 0.0,
                    "tailCorrections": false,
                    "typeA": "He",
                    "typeB": "He",
                    "ε/kʙ [K]": 0.0,
                    "σ/kʙ [Å]": 1.5085
                },
                {
                    "potential": "Lennard-Jones",
                    "shift [K]": 0.0,
                    "tailCorrections": false,
                    "typeA": "He",
                    "typeB": "He",
                    "ε/kʙ [K]": 0.0,
                    "σ/kʙ [Å]": 0.0
                },
                {
                    "potential": "Lennard-Jones",
                    "shift [K]": 0.0,
                    "tailCorrections": false,
                    "typeA": "He",
                    "typeB": "He",
                    "ε/kʙ [K]": 0.0,
                    "σ/kʙ [Å]": 0.0
                },
                {
                    "potential": "Lennard-Jones",
                    "shift [K]": 0.0,
                    "tailCorrections": false,
                    "typeA": "He",
                    "typeB": "He",
                    "ε/kʙ [K]": 0.0,
                    "σ/kʙ [Å]": 0.0
                },
                {
                    "potential": "Lennard-Jones",
                    "shift [K]": 0.0,
                    "tailCorrections": false,
                    "typeA": "He",
                    "typeB": "He",
                    "ε/kʙ [K]": 0.0,
                    "σ/kʙ [Å]": 0.0
                },
                {
                    "potential": "Lennard-Jones",
                    "shift [K]": 0.0,
                    "tailCorrections": false,
                    "typeA": "He",
                    "typeB": "He",
                    "ε/kʙ [K]": 0.0,
                    "σ/kʙ [Å]": 0.0
                },
                {
                    "potential": "Lennard-Jones",
                    "shift [K]": 0.0,
                    "tailCorrections": false,
                    "typeA": "He",
                    "typeB": "He",
                    "ε/kʙ [K]": 0.0,
                    "σ/kʙ [Å]": 1.86
                },
                {
                    "potential": "Lennard-Jones",
                    "shift [K]": 0.0,
                    "tailCorrections": false,
                    "typeA": "He",
                    "typeB": "He",
                    "ε/kʙ [K]": 0.0,
                    "σ/kʙ [Å]": 0.0
                },
                {
                    "potential": "Lennard-Jones",
                    "shift [K]": 0.0,
                    "tailCorrections": false,
                    "typeA": "He",
                    "typeB": "He",
                    "ε/kʙ [K]": 0.0,
                    "σ/kʙ [Å]": 0.0
                },
                {
                    "potential": "Lennard-Jones",
                    "shift [K]": 0.0,
                    "tailCorrections": false,
                    "typeA": "He",
                    "typeB": "He",
                    "ε/kʙ [K]": 0.0,
                    "σ/kʙ [Å]": 0.0
                },
                {
                    "potential": "Lennard-Jones",
                    "shift [K]": 0.0,
                    "tailCorrections": false,
                    "typeA": "He",
                    "typeB": "He",
                    "ε/kʙ [K]": 0.0,
                    "σ/kʙ [Å]": 0.0
                },
                {
                    "potential": "Lennard-Jones",
                    "shift [K]": -0.01715199439068579,
                    "tailCorrections": false,
                    "typeA": "C_co2",
                    "typeB": "C_co2",
                    "ε/kʙ [K]": 29.933,
                    "σ/kʙ [Å]": 2.745
                },
                {
                    "potential": "Lennard-Jones",
                    "shift [K]": -0.038782957981496516,
                    "tailCorrections": false,
                    "typeA": "C_co2",
                    "typeB": "C_co2",
                    "ε/kʙ [K]": 50.63980690129061,
                    "σ/kʙ [Å]": 2.8810000000000002
                },
                {
                    "potential": "Lennard-Jones",
                    "shift [K]": 0.0,
                    "tailCorrections": false,
                    "typeA": "C_co2",
                    "typeB": "C_co2",
                    "ε/kʙ [K]": 0.0,
                    "σ/kʙ [Å]": 1.3725
                },
                {
                    "potential": "Lennard-Jones",
                    "shift [K]": 0.0,
                    "tailCorrections": false,
                    "typeA": "C_co2",
                    "typeB": "C_co2",
                    "ε/kʙ [K]": 0.0,
                    "σ/kʙ [Å]": 1.3725
                },
                {
                    "potential": "Lennard-Jones",
                    "shift [K]": 0.0,
                    "tailCorrections": false,
                    "typeA": "C_co2",
                    "typeB": "C_co2",
                    "ε/kʙ [K]": 0.0,
                    "σ/kʙ [Å]": 1.3725
                },
                {
                    "potential": "Lennard-Jones",
                    "shift [K]": 0.0,
                    "tailCorrections": false,
                    "typeA": "C_co2",
                    "typeB": "C_co2",
                    "ε/kʙ [K]": 0.0,
                    "σ/kʙ [Å]": 1.3725
                },
                {
                    "potential": "Lennard-Jones",
                    "shift [K]": 0.0,
                    "tailCorrections": false,
                    "typeA": "C_co2",
                    "typeB": "C_co2",
                    "ε/kʙ [K]": 0.0,
                    "σ/kʙ [Å]": 1.3725
                },
                {
                    "potential": "Lennard-Jones",
                    "shift [K]": -0.10522707769023552,
                    "tailCorrections": false,
                    "typeA": "C_co2",
                    "typeB": "C_co2",
                    "ε/kʙ [K]": 68.87946355772524,
                    "σ/kʙ [Å]": 3.2325
                },
                {
                    "potential": "Lennard-Jones",
                    "shift [K]": 0.0,
                    "tailCorrections": false,
                    "typeA": "C_co2",
                    "typeB": "C_co2",
                    "ε/kʙ [K]": 0.0,
                    "σ/kʙ [Å]": 1.3725
                },
                {
                    "potential": "Lennard-Jones",
                    "shift [K]": 0.0,
                    "tailCorrections": false,
                    "typeA": "C_co2",
                    "typeB": "C_co2",
                    "ε/kʙ [K]": 0.0,
                    "σ/kʙ [Å]": 1.3725
                },
                {
                    "potential": "Lennard-Jones",
                    "shift [K]": 0.0,
                    "tailCorrections": false,
                    "typeA": "C_co2",
                    "typeB": "C_co2",
                    "ε/kʙ [K]": 0.0,
                    "σ/kʙ [Å]": 1.3725
                },
                {
                    "potential": "Lennard-Jones",
                    "shift [K]": 0.0,
                    "tailCorrections": false,
                    "typeA": "C_co2",
                    "typeB": "C_co2",
                    "ε/kʙ [K]": 0.0,
                    "σ/kʙ [Å]": 1.3725
                },
                {
                    "potential": "Lennard-Jones",
                    "shift [K]": -0.08652637573490223,
                    "tailCorrections": false,
                    "typeA": "O_co2",
                    "typeB": "O_co2",
                    "ε/kʙ [K]": 85.671,
                    "σ/kʙ [Å]": 3.017
                },
                {
                    "potential": "Lennard-Jones",
                    "shift [K]": 0.0,
                    "tailCorrections": false,
                    "typeA": "O_co2",
                    "typeB": "O_co2",
                    "ε/kʙ [K]": 0.0,
                    "σ/kʙ [Å]": 1.5085
                },
                {
                    "potential": "Lennard-Jones",
                    "shift [K]": 0.0,
                    "tailCorrections": false,
                    "typeA": "O_co2",
                    "typeB": "O_co2",
                    "ε/kʙ [K]": 0.0,
                    "σ/kʙ [Å]": 1.5085
                },
                {
                    "potential": "Lennard-Jones",
                    "shift [K]": 0.0,
                    "tailCorrections": false,
                    "typeA": "O_co2",
                    "typeB": "O_co2",
                    "ε/kʙ [K]": 0.0,
                    "σ/kʙ [Å]": 1.5085
                },
                {
                    "potential": "Lennard-Jones",
                    "shift [K]": 0.0,
                    "tailCorrections": false,
                    "typeA": "O_co2",
                    "typeB": "O_co2",
                    "ε/kʙ [K]": 0.0,
                    "σ/kʙ [Å]": 1.5085
                },
                {
                    "potential": "Lennard-Jones",
                    "shift [K]": 0.0,
                    "tailCorrections": false,
                    "typeA": "O_co2",
                    "typeB": "O_co2",
                    "ε/kʙ [K]": 0.0,
                    "σ/kʙ [Å]": 1.5085
                },
                {
                    "potential": "Lennard-Jones",
                    "shift [K]": -0.22793490983088277,
                    "tailCorrections": false,
                    "typeA": "O_co2",
                    "typeB": "O_co2",
                    "ε/kʙ [K]": 116.52833775524304,
                    "σ/kʙ [Å]": 3.3685
                },
                {
                    "potential": "Lennard-Jones",
                    "shift [K]": 0.0,
                    "tailCorrections": false,
                    "typeA": "O_co2",
                    "typeB": "O_co2",
                    "ε/kʙ [K]": 0.0,
                    "σ/kʙ [Å]": 1.5085
                },
                {
                    "potential": "Lennard-Jones",
                    "shift [K]": 0.0,
                    "tailCorrections": false,
                    "typeA": "O_co2",
                    "typeB": "O_co2",
                    "ε/kʙ [K]": 0.0,
                    "σ/kʙ [Å]": 1.5085
                },
                {
                    "potential": "Lennard-Jones",
                    "shift [K]": 0.0,
                    "tailCorrections": false,
                    "typeA": "O_co2",
                    "typeB": "O_co2",
                    "ε/kʙ [K]": 0.0,
                    "σ/kʙ [Å]": 1.5085
                },
                {
                    "potential": "Lennard-Jones",
                    "shift [K]": 0.0,
                    "tailCorrections": false,
                    "typeA": "O_co2",
                    "typeB": "O_co2",
                    "ε/kʙ [K]": 0.0,
                    "σ/kʙ [Å]": 1.5085
                },
                {
                    "potential": "Lennard-Jones",
                    "shift [K]": 0.0,
                    "tailCorrections": false,
                    "typeA": "O_o2",
                    "typeB": "O_o2",
                    "ε/kʙ [K]": 0.0,
                    "σ/kʙ [Å]": 0.0
                },
                {
                    "potential": "Lennard-Jones",
                    "shift [K]": 0.0,
                    "tailCorrections": false,
                    "typeA": "O_o2",
                    "typeB": "O_o2",
                    "ε/kʙ [K]": 0.0,
                    "σ/kʙ [Å]": 0.0
                },
                {
                    "potential": "Lennard-Jones",
                    "shift [K]": 0.0,
                    "tailCorrections": false,
                    "typeA": "O_o2",
                    "typeB": "O_o2",
                    "ε/kʙ [K]": 0.0,
                    "σ/kʙ [Å]": 0.0
                },
                {
                    "potential": "Lennard-Jones",
                    "shift [K]": 0.0,
                    "tailCorrections": false,
                    "typeA": "O_o2",
                    "typeB": "O_o2",
                    "ε/kʙ [K]": 0.0,
                    "σ/kʙ [Å]": 0.0
                },
                {
                    "potential": "Lennard-Jones",
                    "shift [K]": 0.0,
                    "tailCorrections": false,
                    "typeA": "O_o2",
                    "typeB": "O_o2",
                    "ε/kʙ [K]": 0.0,
                    "σ/kʙ [Å]": 0.0
                },
                {
                    "potential": "Lennard-Jones",
                    "shift [K]": 0.0,
                    "tailCorrections": false,
                    "typeA": "O_o2",
                    "typeB": "O_o2",
                    "ε/kʙ [K]": 0.0,
                    "σ/kʙ [Å]": 1.86
                },
                {
                    "potential": "Lennard-Jones",
                    "shift [K]": 0.0,
                    "tailCorrections": false,
                    "typeA": "O_o2",
                    "typeB": "O_o2",
                    "ε/kʙ [K]": 0.0,
                    "σ/kʙ [Å]": 0.0
                },
                {
                    "potential": "Lennard-Jones",
                    "shift [K]": 0.0,
                    "tailCorrections": false,
                    "typeA": "O_o2",
                    "typeB": "O_o2",
                    "ε/kʙ [K]": 0.0,
                    "σ/kʙ [Å]": 0.0
                },
                {
                    "potential": "Lennard-Jones",
                    "shift [K]": 0.0,
                    "tailCorrections": false,
                    "typeA": "O_o2",
                    "typeB": "O_o2",
                    "ε/kʙ [K]": 0.0,
                    "σ/kʙ [Å]": 0.0
                },
                {
                    "potential": "Lennard-Jones",
                    "shift [K]": 0.0,
                    "tailCorrections": false,
                    "typeA": "O_o2",
                    "typeB": "O_o2",
                    "ε/kʙ [K]": 0.0,
                    "σ/kʙ [Å]": 0.0
                },
                {
                    "potential": "Lennard-Jones",
                    "shift [K]": 0.0,
                    "tailCorrections": false,
                    "typeA": "O_com",
                    "typeB": "O_com",
                    "ε/kʙ [K]": 0.0,
                    "σ/kʙ [Å]": 0.0
                },
                {
                    "potential": "Lennard-Jones",
                    "shift [K]": 0.0,
                    "tailCorrections": false,
                    "typeA": "O_com",
                    "typeB": "O_com",
                    "ε/kʙ [K]": 0.0,
                    "σ/kʙ [Å]": 0.0
                },
                {
                    "potential": "Lennard-Jones",
                    "shift [K]": 0.0,
                    "tailCorrections": false,
                    "typeA": "O_com",
                    "typeB": "O_com",
                    "ε/kʙ [K]": 0.0,
                    "σ/kʙ [Å]": 0.0
                },
                {
                    "potential": "Lennard-Jones",
                    "shift [K]": 0.0,
                    "tailCorrections": false,
                    "typeA": "O_com",
                    "typeB": "O_com",
                    "ε/kʙ [K]": 0.0,
                    "σ/kʙ [Å]": 0.0
                },
                {
                    "potential": "Lennard-Jones",
                    "shift [K]": 0.0,
                    "tailCorrections": false,
                    "typeA": "O_com",
                    "typeB": "O_com",
                    "ε/kʙ [K]": 0.0,
                    "σ/kʙ [Å]": 1.86
                },
                {
                    "potential": "Lennard-Jones",
                    "shift [K]": 0.0,
                    "tailCorrections": false,
                    "typeA": "O_com",
                    "typeB": "O_com",
                    "ε/kʙ [K]": 0.0,
                    "σ/kʙ [Å]": 0.0
                },
                {
                    "potential": "Lennard-Jones",
                    "shift [K]": 0.0,
                    "tailCorrections": false,
                    "typeA": "O_com",
                    "typeB": "O_com",
                    "ε/kʙ [K]": 0.0,
                    "σ/kʙ [Å]": 0.0
                },
                {
                    "potential": "Lennard-Jones",
                    "shift [K]": 0.0,
                    "tailCorrections": false,
                    "typeA": "O_com",
                    "typeB": "O_com",
                    "ε/kʙ [K]": 0.0,
                    "σ/kʙ [Å]": 0.0
                },
                {
                    "potential": "Lennard-Jones",
                    "shift [K]": 0.0,
                    "tailCorrections": false,
                    "typeA": "O_com",
                    "typeB": "O_com",
                    "ε/kʙ [K]": 0.0,
                    "σ/kʙ [Å]": 0.0
                },
                {
                    "potential": "Lennard-Jones",
                    "shift [K]": 0.0,
                    "tailCorrections": false,
                    "typeA": "N_n2",
                    "typeB": "N_n2",
                    "ε/kʙ [K]": 0.0,
                    "σ/kʙ [Å]": 0.0
                },
                {
                    "potential": "Lennard-Jones",
                    "shift [K]": 0.0,
                    "tailCorrections": false,
                    "typeA": "N_n2",
                    "typeB": "N_n2",
                    "ε/kʙ [K]": 0.0,
                    "σ/kʙ [Å]": 0.0
                },
                {
                    "potential": "Lennard-Jones",
                    "shift [K]": 0.0,
                    "tailCorrections": false,
                    "typeA": "N_n2",
                    "typeB": "N_n2",
                    "ε/kʙ [K]": 0.0,
                    "σ/kʙ [Å]": 0.0
                },
                {
                    "potential": "Lennard-Jones",
                    "shift [K]": 0.0,
                    "tailCorrections": false,
                    "typeA": "N_n2",
                    "typeB": "N_n2",
                    "ε/kʙ [K]": 0.0,
                    "σ/kʙ [Å]": 1.86
                },
                {
                    "potential": "Lennard-Jones",
                    "shift [K]": 0.0,
                    "tailCorrections": false,
                    "typeA": "N_n2",
                    "typeB": "N_n2",
                    "ε/kʙ [K]": 0.0,
                    "σ/kʙ [Å]": 0.0
                },
                {
                    "potential": "Lennard-Jones",
                    "shift [K]": 0.0,
                    "tailCorrections": false,
                    "typeA": "N_n2",
                    "typeB": "N_n2",
                    "ε/kʙ [K]": 0.0,
                    "σ/kʙ [Å]": 0.0
                },
                {
                    "potential": "Lennard-Jones",
                    "shift [K]": 0.0,
                    "tailCorrections": false,
                    "typeA": "N_n2",
                    "typeB": "N_n2",
                    "ε/kʙ [K]": 0.0,
                    "σ/kʙ [Å]": 0.0
                },
                {
                    "potential": "Lennard-Jones",
                    "shift [K]": 0.0,
                    "tailCorrections": false,
                    "typeA": "N_n2",
                    "typeB": "N_n2",
                    "ε/kʙ [K]": 0.0,
                    "σ/kʙ [Å]": 0.0
                },
                {
                    "potential": "Lennard-Jones",
                    "shift [K]": 0.0,
                    "tailCorrections": false,
                    "typeA": "N_com",
                    "typeB": "N_com",
                    "ε/kʙ [K]": 0.0,
                    "σ/kʙ [Å]": 0.0
                },
                {
                    "potential": "Lennard-Jones",
                    "shift [K]": 0.0,
                    "tailCorrections": false,
                    "typeA": "N_com",
                    "typeB": "N_com",
                    "ε/kʙ [K]": 0.0,
                    "σ/kʙ [Å]": 0.0
                },
                {
                    "potential": "Lennard-Jones",
                    "shift [K]": 0.0,
                    "tailCorrections": false,
                    "typeA": "N_com",
                    "typeB": "N_com",
                    "ε/kʙ [K]": 0.0,
                    "σ/kʙ [Å]": 1.86
                },
                {
                    "potential": "Lennard-Jones",
                    "shift [K]": 0.0,
                    "tailCorrections": false,
                    "typeA": "N_com",
                    "typeB": "N_com",
                    "ε/kʙ [K]": 0.0,
                    "σ/kʙ [Å]": 0.0
                },
                {
                    "potential": "Lennard-Jones",
                    "shift [K]": 0.0,
                    "tailCorrections": false,
                    "typeA": "N_com",
                    "typeB": "N_com",
                    "ε/kʙ [K]": 0.0,
                    "σ/kʙ [Å]": 0.0
                },
                {
                    "potential": "Lennard-Jones",
                    "shift [K]": 0.0,
                    "tailCorrections": false,
                    "typeA": "N_com",
                    "typeB": "N_com",
                    "ε/kʙ [K]": 0.0,
                    "σ/kʙ [Å]": 0.0
                },
                {
                    "potential": "Lennard-Jones",
                    "shift [K]": 0.0,
                    "tailCorrections": false,
                    "typeA": "N_com",
                    "typeB": "N_com",
                    "ε/kʙ [K]": 0.0,
                    "σ/kʙ [Å]": 0.0
                },
                {
                    "potential": "Lennard-Jones",
                    "shift [K]": 0.0,
                    "tailCorrections": false,
                    "typeA": "Ar",
                    "typeB": "Ar",
                    "ε/kʙ [K]": 0.0,
                    "σ/kʙ [Å]": 0.0
                },
                {
                    "potential": "Lennard-Jones",
                    "shift [K]": 0.0,
                    "tailCorrections": false,
                    "typeA": "Ar",
                    "typeB": "Ar",
                    "ε/kʙ [K]": 0.0,
                    "σ/kʙ [Å]": 1.86
                },
                {
                    "potential": "Lennard-Jones",
                    "shift [K]": 0.0,
                    "tailCorrections": false,
                    "typeA": "Ar",
                    "typeB": "Ar",
                    "ε/kʙ [K]": 0.0,
                    "σ/kʙ [Å]": 0.0
                },
                {
                    "potential": "Lennard-Jones",
                    "shift [K]": 0.0,
                    "tailCorrections": false,
                    "typeA": "Ar",
                    "typeB": "Ar",
                    "ε/kʙ [K]": 0.0,
                    "σ/kʙ [Å]": 0.0
                },
                {
                    "potential": "Lennard-Jones",
                    "shift [K]": 0.0,
                    "tailCorrections": false,
                    "typeA": "Ar",
                    "typeB": "Ar",
                    "ε/kʙ [K]": 0.0,
                    "σ/kʙ [Å]": 0.0
                },
                {
                    "potential": "Lennard-Jones",
                    "shift [K]": 0.0,
                    "tailCorrections": false,
                    "typeA": "Ar",
                    "typeB": "Ar",
                    "ε/kʙ [K]": 0.0,
                    "σ/kʙ [Å]": 0.0
                },
                {
                    "potential": "Lennard-Jones",
                    "shift [K]": -0.5621779555490783,
                    "tailCorrections": false,
                    "typeA": "CH4",
                    "typeB": "CH4",
                    "ε/kʙ [K]": 158.5,
                    "σ/kʙ [Å]": 3.72
                },
                {
                    "potential": "Lennard-Jones",
                    "shift [K]": 0.0,
                    "tailCorrections": false,
                    "typeA": "CH4",
                    "typeB": "CH4",
                    "ε/kʙ [K]": 0.0,
                    "σ/kʙ [Å]": 1.86
                },
                {
                    "potential": "Lennard-Jones",
                    "shift [K]": 0.0,
                    "tailCorrections": false,
                    "typeA": "CH4",
                    "typeB": "CH4",
                    "ε/kʙ [K]": 0.0,
                    "σ/kʙ [Å]": 1.86
                },
                {
                    "potential": "Lennard-Jones",
                    "shift [K]": 0.0,
                    "tailCorrections": false,
                    "typeA": "CH4",
                    "typeB": "CH4",
                    "ε/kʙ [K]": 0.0,
                    "σ/kʙ [Å]": 1.86
                },
                {
                    "potential": "Lennard-Jones",
                    "shift [K]": 0.0,
                    "tailCorrections": false,
                    "typeA": "CH4",
                    "typeB": "CH4",
                    "ε/kʙ [K]": 0.0,
                    "σ/kʙ [Å]": 1.86
                },
                {
                    "potential": "Lennard-Jones",
                    "shift [K]": 0.0,
                    "tailCorrections": false,
                    "typeA": "CH3",
                    "typeB": "CH3",
                    "ε/kʙ [K]": 0.0,
                    "σ/kʙ [Å]": 0.0
                },
                {
                    "potential": "Lennard-Jones",
                    "shift [K]": 0.0,
                    "tailCorrections": false,
                    "typeA": "CH3",
                    "typeB": "CH3",
                    "ε/kʙ [K]": 0.0,
                    "σ/kʙ [Å]": 0.0
                },
                {
                    "potential": "Lennard-Jones",
                    "shift [K]": 0.0,
                    "tailCorrections": false,
                    "typeA": "CH3",
                    "typeB": "CH3",
                    "ε/kʙ [K]": 0.0,
                    "σ/kʙ [Å]": 0.0
                },
                {
                    "potential": "Lennard-Jones",
                    "shift [K]": 0.0,
                    "tailCorrections": false,
                    "typeA": "CH3",
                    "typeB": "CH3",
                    "ε/kʙ [K]": 0.0,
                    "σ/kʙ [Å]": 0.0
                },
                {
                    "potential": "Lennard-Jones",
                    "shift [K]": 0.0,
                    "tailCorrections": false,
                    "typeA": "CH2",
                    "typeB": "CH2",
                    "ε/kʙ [K]": 0.0,
                    "σ/kʙ [Å]": 0.0
                },
                {
                    "potential": "Lennard-Jones",
                    "shift [K]": 0.0,
                    "tailCorrections": false,
                    "typeA": "CH2",
                    "typeB": "CH2",
                    "ε/kʙ [K]": 0.0,
                    "σ/kʙ [Å]": 0.0
                },
                {
                    "potential": "Lennard-Jones",
                    "shift [K]": 0.0,
                    "tailCorrections": false,
                    "typeA": "CH2",
                    "typeB": "CH2",
                    "ε/kʙ [K]": 0.0,
                    "σ/kʙ [Å]": 0.0
                },
                {
                    "potential": "Lennard-Jones",
                    "shift [K]": 0.0,
                    "tailCorrections": false,
                    "typeA": "CH",
                    "typeB": "CH",
                    "ε/kʙ [K]": 0.0,
                    "σ/kʙ [Å]": 0.0
                },
                {
                    "potential": "Lennard-Jones",
                    "shift [K]": 0.0,
                    "tailCorrections": false,
                    "typeA": "CH",
                    "typeB": "CH",
                    "ε/kʙ [K]": 0.0,
                    "σ/kʙ [Å]": 0.0
                },
                {
                    "potential": "Lennard-Jones",
                    "shift [K]": 0.0,
                    "tailCorrections": false,
                    "typeA": "C",
                    "typeB": "C",
                    "ε/kʙ [K]": 0.0,
                    "σ/kʙ [Å]": 0.0
                }
            ],
            "pseudoAtoms": [
                {
                    "charge": -1.025,
                    "mass": 28.0855,
                    "name": "O",
                    "source": "P. Bai, M. Tsapatsis, J. I. Siepmann, J. Phys. Chem. C 2013, 117, 24375-24387"
                },
                {
                    "charge": 1.75,
                    "mass": 26.98154,
                    "name": "Al",
                    "source": "P. Bai, M. Tsapatsis, J. I. Siepmann, J. Phys. Chem. C 2013, 117, 24375-24387"
                },
                {
                    "charge": 2.05,
                    "mass": 28.0855,
                    "name": "Si",
                    "source": "P. Bai, M. Tsapatsis, J. I. Siepmann, J. Phys. Chem. C 2013, 117, 24375-24387"
                },
                {
                    "charge": 0.0,
                    "mass": 4.002602,
                    "name": "He",
                    "source": "J.O. Hirschfelder et al., Molecular Theory of Gases and Liquids, Wiley, New York, 1954, p. 1114"
                },
                {
                    "charge": 0.6512,
                    "mass": 12.0,
                    "name": "C_co2",
                    "source": "A. Garcia-Sanchez et al., J. Phys. Chem. C 2009, 113, 8814-8820"
                },
                {
                    "charge": -0.3256,
                    "mass": 15.9994,
                    "name": "O_co2",
                    "source": "A. Garcia-Sanchez et al., J. Phys. Chem. C 2009, 113, 8814-8820"
                },
                {
                    "charge": -0.112,
                    "mass": 15.9994,
                    "name": "O_o2",
                    "source": "A. Martin-Calvo et al. , Phys. Chem. Chem. Phys. 2011, 13, 11165-11174"
                },
                {
                    "charge": 0.224,
                    "mass": 0.0,
                    "name": "O_com",
                    "source": "A. Martin-Calvo et al. , Phys. Chem. Chem. Phys. 2011, 13, 11165-11174"
                },
                {
                    "charge": -0.405,
                    "mass": 14.00674,
                    "name": "N_n2",
                    "source": "A. Martin-Calvo et al. , Phys. Chem. Chem. Phys. 2011, 13, 11165-11174"
                },
                {
                    "charge": 0.81,
                    "mass": 0.0,
                    "name": "N_com",
                    "source": "A. Martin-Calvo et al. , Phys. Chem. Chem. Phys. 2011, 13, 11165-11174"
                },
                {
                    "charge": 0.0,
                    "mass": 39.948,
                    "name": "Ar",
                    "source": "A. Martin-Calvo et al. , Phys. Chem. Chem. Phys. 2011, 13, 11165-11174"
                },
                {
                    "charge": 0.0,
                    "mass": 16.04246,
                    "name": "CH4",
                    "source": "M. G. Martin et al., J. Chem. Phys. 2001, 114, 7174-7181"
                },
                {
                    "charge": 0.0,
                    "mass": 15.03452,
                    "name": "CH3",
                    "source": "D. Dubbeldam et al., J. Phys. Chem. B, 108(33), 12301-12313"
                },
                {
                    "charge": 0.0,
                    "mass": 14.02658,
                    "name": "CH2",
                    "source": "D. Dubbeldam et al., J. Phys. Chem. B, 108(33), 12301-12313"
                },
                {
                    "charge": 0.0,
                    "mass": 13.01864,
                    "name": "CH",
                    "source": "D. Dubbeldam et al., J. Phys. Chem. B, 108(33), 12301-12313"
                },
                {
                    "charge": 0.0,
                    "mass": 12.0,
                    "name": "C",
                    "source": "D. Dubbeldam et al., J. Phys. Chem. B, 108(33), 12301-12313"
                }
            ]
        },
        "hardwareInfo": {
            "compile_date": "Aug 17 2024",
            "compile_time": "15:37:29",
            "compiler": "gcc Homebrew Clang 18.1.8",
            "cpu_model": "MacPro7,1",
            "hostname": "MacPro.fritz.box",
            "os_arch": "x86_64",
            "os_release": "23.5.0",
            "os_type": "Darwin",
            "os_version": "23F79",
            "start_date": "Mon, Aug 19",
            "start_time": "12:04:00"
        },
        "initialConditions": {
            "beta": 0.002004538695925443,
            "box": [
                [
                    23.7342,
                    0.0,
                    0.0
                ],
                [
                    1.4533006030161557e-15,
                    23.7342,
                    0.0
                ],
                [
                    1.4533006030161557e-15,
                    1.4533006030161557e-15,
                    23.7342
                ]
            ],
            "boxAngles": [
                90.0,
                90.0,
                90.0
            ],
            "boxLengths": [
                23.7342,
                23.7342,
                23.7342
            ],
            "pressure": 1000000.0,
            "temperature": 600.0
        },
        "reactions": null,
        "units": {
            "Boltzmann constant [-]": 0.8314464919307584,
            "Coulomb potential [K]": 167101.08000665612,
            "Energy to Kelvin [-]": 1.202724284692786,
            "Kelvin to energy [-]": 0.8314457542157568,
            "acceleration [m²/s]": 1.0000000000000002e-08,
            "charge [C/particle]": 1.60217733e-19,
            "dielectric constant [s² C²/(kg m³)]": 1.5458657349975197e-05,
            "diffusion [m²/s]": 1.0000000000000002e-08,
            "dipole moment [C.m]": 1.60217733e-29,
            "electric field [V]": 1036427.222447343,
            "electric potential [V]": 0.00010364272224473431,
            "energy [J]": 1.6605402000000002e-23,
            "force [N]": 1.6605402000000002e-13,
            "length [m]": 1e-10,
            "mass [kg]": 1.6605402e-27,
            "polarizability [-]": 1.5458657349975198e-35,
            "pressure [Pa]": 16605402.0,
            "temperature": "Kelvin",
            "time [s]": 1e-12,
            "velocity [m/s]": 100.0
        }
    },
    "output": {
        "MCMoveStatistics": {
            "CO2": {
                "percentage": {
                    "insertionDeletionCBCFCMC": 39.97863,
                    "reinsertionCBMC": 20.01299,
                    "rotation": 20.01124,
                    "translation": 19.99714
                }
            },
            "summedOverAllSystems": {
                "count": {
                    "InsertionDeletionCBCFCMC": 3997863,
                    "countTotal": 10000000,
                    "deletion": 0,
                    "deletionCBMC": 0,
                    "difference": 0,
                    "gibbsSwapCBMC": 0,
                    "gibbsSwapCFCMC": 0,
                    "gibbsVolume": 0,
                    "insertion": 0,
                    "insertionCBMC": 0,
                    "insertionDeletionCFCMC": 0,
                    "parallelTemperingSwap": 0,
                    "randomRotation": 0,
                    "randomTranslation": 0,
                    "reinsertionCBMC": 2001299,
                    "rotation": 2001124,
                    "sum": 10000000,
                    "translation": 1999714,
                    "volume": 0,
                    "widomCBCFCMC": 0,
                    "widomCBMC": 0,
                    "widomCFCMC": 0
                },
                "percentage": {
                    "insertionDeletionCBCFCMC": 39.97863,
                    "reinsertionCBMC": 20.01299,
                    "rotation": 20.01124,
                    "translation": 19.99714
                }
            },
            "system": {
                "CO2": {
                    "reinsertionCBMC": {
                        "accepted": 1167040.0,
                        "all": 2001299,
                        "constructed": 1769505.0,
                        "fraction": 0.583141249758282,
                        "maxChange": 0.0,
                        "total": 2001299.0
                    },
                    "rotation": {
                        "accepted": [
                            516874.0,
                            517797.0,
                            517592.0
                        ],
                        "all": 2001124,
                        "constructed": [
                            665284.0,
                            666787.0,
                            666283.0
                        ],
                        "fraction": [
                            0.7758890373328129,
                            0.775451675512478,
                            0.775746457679499
                        ],
                        "maxChange": [
                            1.5,
                            1.5,
                            1.5
                        ],
                        "total": [
                            666170.0,
                            667736.0,
                            667218.0
                        ]
                    },
                    "swapCBCFCMC": {
                        "accepted": [
                            527754.0,
                            527751.0,
                            1428129.0
                        ],
                        "all": 3997863,
                        "constructed": [
                            803551.0,
                            830682.0,
                            1924964.0
                        ],
                        "fraction": [
                            0.5465690945093913,
                            0.5449608640878958,
                            0.6919675541108027
                        ],
                        "maxChange": [
                            0.0,
                            0.0,
                            1.0
                        ],
                        "total": [
                            965576.0,
                            968420.0,
                            2063867.0
                        ]
                    },
                    "translation": {
                        "accepted": [
                            467129.0,
                            466541.0,
                            465683.0
                        ],
                        "all": 1999714,
                        "constructed": [
                            662694.0,
                            661156.0,
                            661167.0
                        ],
                        "fraction": [
                            0.6996185361192527,
                            0.7004425987815022,
                            0.6992688717139395
                        ],
                        "maxChange": [
                            1.5,
                            1.5,
                            1.5
                        ],
                        "total": [
                            667691.0,
                            666066.0,
                            665957.0
                        ]
                    }
                },
                "lambdaStatistics": {
                    "CFCMC": {
                        "excessChemicalPotential": {
                            "blocks": {
                                "[K]": [
                                    41.56652966150859,
                                    43.08542712023206,
                                    58.68803808542317,
                                    30.03090473028461,
                                    39.86525486107412
                                ]
                            },
                            "confidence": {
                                "[K]": 12.80632788627078,
                                "[kJ/mol]": 0.10647776395160984
                            },
                            "mean": {
                                "[K]": -266.7996431800744,
                                "[kJ/mol]": -2.218296273622446
                            }
                        },
                        "idealGasChemicalPotential": {
                            "confidence": {
                                "[K]": 3.9068672850862205,
                                "[kJ/mol]": 0.032483510985038155
                            },
                            "mean": {
                                "[K]": -5313.870008018863,
                                "[kJ/mol]": -44.181985765799084
                            }
                        },
                        "imposedChemicalPotential": {
                            "[K]": -5413.246434385669,
                            "[kJ/mol]": -45.00824757660149
                        },
                        "imposedFugacity": 1000000.0,
                        "measuredFugacity": {
                            "confidence": 13874.924067656906,
                            "mean": 756510.8170036095
                        },
                        "totalGasChemicalPotential": {
                            "confidence": {
                                "[K]": 11.042066034290087,
                                "[kJ/mol]": 0.0918088706753864
                            },
                            "mean": {
                                "[K]": -5580.669651198937,
                                "[kJ/mol]": -46.400282039421526
                            }
                        }
                    },
                    "thermodynamicIntegration": {
                        "excessChemicalPotential": {
                            "blocks": [],
                            "confidence": {
                                "[K]": 16.23900661712324,
                                "[kJ/mol]": 0.13501865083748008
                            },
                            "mean": {
                                "[K]": -271.3519553385512,
                                "[kJ/mol]": -2.2561463133644386
                            }
                        },
                        "idealChemicalPotential": {
                            "confidence": {
                                "[K]": 3.9068672850862205,
                                "[kJ/mol]": 0.032483510985038155
                            },
                            "mean": {
                                "[K]": -5313.870008018863,
                                "[kJ/mol]": -44.181985765799084
                            }
                        },
                        "imposedChemicalPotential": {
                            "[K]": -5413.246434385669,
                            "[kJ/mol]": -45.00824757660149
                        },
                        "imposedFugacity": 1000000.0,
                        "measuredFugacity": {
                            "confidence": 16328.801669596765,
                            "mean": 750792.7525354635
                        },
                        "totalChemicalPotential": {
                            "confidence": {
                                "[K]": 12.968464313591427,
                                "[kJ/mol]": 0.10782584158865935
                            },
                            "mean": {
                                "[K]": -5585.221963357414,
                                "[kJ/mol]": -46.43813207916352
                            }
                        }
                    }
                },
                "system": null
            }
        },
        "cpuTimings": {
            "CO2": {
                "reinsertionCBMC": {
                    "Ewald": 173.01041699909825,
                    "nonEwald": 5328.481318000916,
                    "overhead": 9.630316000580024,
                    "total": 5511.122051000594
                },
                "rotation": {
                    "Ewald": 195.62831199702248,
                    "ExternalField-Molecule": 0.2039060000001422,
                    "Framework-Molecule": 772.4892359873992,
                    "Molecule-Molecule": 8.344257000065772,
                    "overhead": 11.043368015610895,
                    "total": 987.7090790000985
                },
                "swapCBCFCMC": {
                    "deletion": {
                        "Ewald": 147.2311229997643,
                        "ExternalField": 0.1278690000000579,
                        "Framework": 307.51977299997503,
                        "Molecule": 3.8053649999853967,
                        "Tail": 37.43782200009542
                    },
                    "insertion": {
                        "Ewald": 157.58530099966336,
                        "ExternalField": 0.10091200000006108,
                        "Framework": 366.42761500016667,
                        "Molecule": 3.6420069999869784,
                        "Tail": 40.80974500018107
                    },
                    "lambda": {
                        "Ewald": 194.86533999908315,
                        "ExternalField": 0.21433100000014307,
                        "Framework": 767.4123449867845,
                        "Molecule": 7.892704000078791,
                        "Tail": 64.57134600076478
                    },
                    "overhead": 3123.832458010426,
                    "total": 5223.476055996955
                },
                "translation": {
                    "Ewald": 194.32664599719305,
                    "ExternalField-Molecule": 0.1903800000001399,
                    "Framework-Molecule": 766.1132089873919,
                    "Molecule-Molecule": 8.26070200007135,
                    "overhead": 9.923574016185512,
                    "total": 978.8145110008419
                }
            },
            "equilibration": 6811.855166999933,
            "initialization": 0.0,
            "production": 12807.250587000311,
            "summedSystemsAndComponents": {
                "allSummed": 12760.783669998476,
                "energyPressureSampling": 55.78054000000038,
                "overhead": 46.4669170018351,
                "productionSimulationTime": 12807.250587000311,
                "propertySampling": 3.8814329999844963,
                "reinsertionCBMC": {
                    "Ewald": 173.01041699909825,
                    "nonEwald": 5328.481318000916,
                    "overhead": 9.630316000580024,
                    "total": 5511.122051000594
                },
                "rotation": {
                    "Ewald": 195.62831199702248,
                    "ExternalField-Molecule": 0.2039060000001422,
                    "Framework-Molecule": 772.4892359873992,
                    "Molecule-Molecule": 8.344257000065772,
                    "overhead": 11.043368015610895,
                    "total": 987.7090790000985
                },
                "swapCBCFCMC": {
                    "deletion": {
                        "Ewald": 147.2311229997643,
                        "ExternalField": 0.1278690000000579,
                        "Framework": 307.51977299997503,
                        "Molecule": 3.8053649999853967,
                        "Tail": 37.43782200009542
                    },
                    "insertion": {
                        "Ewald": 157.58530099966336,
                        "ExternalField": 0.10091200000006108,
                        "Framework": 366.42761500016667,
                        "Molecule": 3.6420069999869784,
                        "Tail": 40.80974500018107
                    },
                    "lambda": {
                        "Ewald": 194.86533999908315,
                        "ExternalField": 0.21433100000014307,
                        "Framework": 767.4123449867845,
                        "Molecule": 7.892704000078791,
                        "Tail": 64.57134600076478
                    },
                    "overhead": 3123.832458010426,
                    "total": 5223.476055996955
                },
                "translation": {
                    "Ewald": 194.32664599719305,
                    "ExternalField-Molecule": 0.1903800000001399,
                    "Framework-Molecule": 766.1132089873919,
                    "Molecule-Molecule": 8.26070200007135,
                    "overhead": 9.923574016185512,
                    "total": 978.8145110008419
                }
            },
            "system": {
                "energyPressureSampling": 55.78054000000038,
                "propertySampling": 3.8814329999844963
            },
            "total": 19619.105754000375
        },
        "drift": {
            "Ewald Fourier [K]": 1.2778058345828665e-08,
            "Ewald exclusion [K]": 9.570411833639217e-07,
            "Ewald self [K]": 3.380587574936145e-07,
            "Total potential energy [K]": 1.3121487464786891e-06,
            "Van der Waals (Tail) [K]": 0.0,
            "dU/dlambda Ewald [K]": -5.808162284542509e-07,
            "dU/dlambda Real [K]": -1.6452741441178596e-07,
            "dU/dlambda VDW [K]": 1.4519638292227028e-08,
            "external field Real [K]": 0.0,
            "external field VDW [K]": 0.0,
            "framework-molecule Rea [K]": -1.971156199048346e-09,
            "framework-molecule VDW [K]": 6.271164533376342e-09,
            "intra Coulombic [K]": 0.0,
            "intra VDW [K]": 0.0,
            "molecule-molecule Real [K]": -1.7898470203622955e-10,
            "molecule-molecule VDW [K]": 1.4972364303259843e-10,
            "polarization [K]": 0.0
        },
        "recomputedEnergies": {
            "Ewald Fourier [K]": -1451.2158117699528,
            "Ewald exclusion [K]": 77421.0977175164,
            "Ewald self [K]": -77660.93794057482,
            "Total potential energy [K]": -6898.162053843226,
            "Van der Waals (Tail) [K]": 0.0,
            "dU/dlambda Ewald [K]": -345.48451751780334,
            "dU/dlambda Real [K]": 354.6504440720558,
            "dU/dlambda VDW [K]": -735.415163490537,
            "external field Real [K]": 0.0,
            "external field VDW [K]": 0.0,
            "framework-molecule Rea [K]": 1368.589221611223,
            "framework-molecule VDW [K]": -6214.315996668413,
            "intra Coulombic [K]": 0.0,
            "intra VDW [K]": 0.0,
            "molecule-molecule Real [K]": -79.74226563238926,
            "molecule-molecule VDW [K]": -281.63697832528106,
            "polarization [K]": 0.0
        },
        "runningEnergies": {
            "Ewald Fourier [K]": -1451.2158117571748,
            "Ewald exclusion [K]": 77421.09771847345,
            "Ewald self [K]": -77660.93794023675,
            "Total potential energy [K]": -6898.162052531071,
            "Van der Waals (Tail) [K]": 0.0,
            "dU/dlambda Ewald [K]": -345.4845180986196,
            "dU/dlambda Real [K]": 354.65044390752837,
            "dU/dlambda VDW [K]": -735.4151634760174,
            "external field Real [K]": 0.0,
            "external field VDW [K]": 0.0,
            "framework-molecule Rea [K]": 1368.5892216092518,
            "framework-molecule VDW [K]": -6214.3159966621415,
            "intra Coulombic [K]": 0.0,
            "intra VDW [K]": 0.0,
            "molecule-molecule Real [K]": -79.74226563256825,
            "molecule-molecule VDW [K]": -281.63697832513134,
            "polarization [K]": 0.0
        }
    },
    "properties": {
        "averageEnergies": {
            "Framework-Molecule": {
                "CO2-ITQ-29": {
                    "coulombFourier": {
                        "block": [
                            -638.8544808817409,
                            -632.4612087266819,
                            -630.1961861836647,
                            -631.4812406302601,
                            -637.2153545900185
                        ],
                        "confidence": 4.689585762821364,
                        "mean": -634.0441711341336
                    },
                    "coulombReal": {
                        "block": [
                            457.55888222806266,
                            433.0149396348513,
                            440.5166325621055,
                            441.36596512507225,
                            444.1440426325218
                        ],
                        "confidence": 11.126467565012149,
                        "mean": 443.3237497459323
                    },
                    "tailCorrection": {
                        "block": [
                            0.0,
                            0.0,
                            0.0,
                            0.0,
                            0.0
                        ],
                        "confidence": 0.0,
                        "mean": 0.0
                    },
                    "total": {
                        "block": [
                            -3962.5769748418224,
                            -3984.5690349370598,
                            -3937.9090564029084,
                            -3933.5915519072364,
                            -3984.896091030977
                        ],
                        "confidence": 30.491802438689458,
                        "mean": -3960.716349737274
                    },
                    "vanDerWaals": {
                        "block": [
                            -3781.2813761881416,
                            -3785.1227658452385,
                            -3748.229502781352,
                            -3743.4762764020347,
                            -3791.8247790734663
                        ],
                        "confidence": 27.82758613224687,
                        "mean": -3769.9959283490693
                    }
                }
            },
            "Molecule-Molecule": {
                "CO2-CO2": {
                    "coulombFourier": {
                        "block": [
                            1.0835129075547907,
                            1.2384627118739124,
                            1.3633761726801201,
                            1.5164282647072085,
                            1.3436867131783345
                        ],
                        "confidence": 0.19922159163556802,
                        "mean": 1.3090556014114059
                    },
                    "coulombReal": {
                        "block": [
                            -9.44413697490369,
                            -8.20433616457836,
                            -8.314491515952867,
                            -6.4524129381121575,
                            -8.189821888193716
                        ],
                        "confidence": 1.3290047131713634,
                        "mean": -8.120832787908181
                    },
                    "tailCorrection": {
                        "block": [
                            0.0,
                            0.0,
                            0.0,
                            0.0,
                            0.0
                        ],
                        "confidence": 0.0,
                        "mean": 0.0
                    },
                    "total": {
                        "block": [
                            -98.2541436007268,
                            -100.94733881784262,
                            -90.88607097274472,
                            -93.59806414352046,
                            -98.13063960119995
                        ],
                        "confidence": 5.018298861339009,
                        "mean": -96.36638497516078
                    },
                    "vanDerWaals": {
                        "block": [
                            -89.8935195333776,
                            -93.98146536513806,
                            -83.93495562947183,
                            -88.66207947011546,
                            -91.28450442618497
                        ],
                        "confidence": 4.606887577645607,
                        "mean": -89.55460778866396
                    }
                }
            },
            "totalEnergy": {
                "block": [
                    -4011.7040466421795,
                    -4035.04270434597,
                    -3983.3520918892773,
                    -3980.390583978977,
                    -4033.9614108315723
                ],
                "confidence": 32.75715492433412,
                "mean": -4008.8995422248454
            }
        },
        "averageEnthalpy": {
            "CO2": {
                "block": [
                    -2144.35951026746,
                    -2147.7619110939354,
                    -2141.560239047956,
                    -2138.7876761501548,
                    -2153.4637827222145
                ],
                "confidence": {
                    "[K]": 7.075391194563525,
                    "[kJ/mol]": 0.05882809187539994
                },
                "mean": {
                    "[K]": -2145.1866238563443,
                    "[kJ/mol]": -17.836078928761626
                },
                "warning": "Warning: Recompute value of the total enthalpy of adsorption by hand. Need to subtract the ideal-gas energy"
            }
        },
        "averagePressure": {
            "averagePressureTensor": {
                "confidence": [
                    [
                        106102.35891270924,
                        44962.84835391909,
                        18895.879771493102
                    ],
                    [
                        35109.502330947864,
                        80250.30022378895,
                        31164.31647067786
                    ],
                    [
                        20018.567274949535,
                        20086.531866305275,
                        77335.26592737493
                    ]
                ],
                "mean": [
                    [
                        -90300255.4136334,
                        6885.427855046878,
                        4246.667237698618
                    ],
                    [
                        -6311.658818196988,
                        -90325063.08006594,
                        22329.344491461707
                    ],
                    [
                        -5975.450149274498,
                        6521.0119460239075,
                        -90296709.31061916
                    ]
                ]
            },
            "excessPressure": {
                "block": [
                    -91591428.69844015,
                    -91512773.93672991,
                    -91446846.69118574,
                    -91450964.37176208,
                    -91435347.87235938
                ],
                "confidence": 81283.5613695183,
                "mean": -91487475.70332253
            },
            "idealGasPressure": {
                "block": [
                    1184628.0713470683,
                    1184174.227549331,
                    1170181.8671865233,
                    1178007.213977703,
                    1183667.2879601368
                ],
                "confidence": 7667.299681165099,
                "mean": 1180133.1018830417
            },
            "pressure": {
                "block": [
                    -90406800.62709309,
                    -90328599.70918058,
                    -90276664.82399923,
                    -90272957.15778437,
                    -90251680.58439925
                ],
                "confidence": 77443.70447978619,
                "mean": -90307342.6014395
            }
        }
    },
    "seed": 2912953153,
    "version": "3.0.0"
}