{
  "SimulationType" : "MonteCarlo",
  "NumberOfCycles" : 500000,
  "NumberOfEquilibrationCycles" : 250000,
  "NumberOfInitializationCycles" : 25000,
  "PrintEvery" : 25000,
  
  "Systems" : [
    {
      "Type" : "Framework",
      "Name" : "MFI_SI",
      "NumberOfUnitCells" : [2, 2, 2],
      "CutOff" : 12.0,
      "HeliumVoidFraction" : 0.265280,
      "ChargeMethod" : "None",
      "ExternalTemperature" : 300.0,
      "ExternalPressure" : 1e11
    }
  ],

  "Components" : [ 
    {
      "Name" : "methane",
      "FugacityCoefficient" : 1.0,

      "ThermodynamicIntegration" : true,

      "TranslationProbability" : 0.5,
      "RotationProbability" : 0.5,
      "ReinsertionProbability" : 0.5,
      "WidomProbability" : 1.0,

      "CFCMC_CBMC_SwapProbability" : 1.0,

      "CreateNuMberofmolecules" : 0
    }
  ]
}
