{
  "SimulationType" : "MonteCarlo",
  "NumberOfCycles" : 500000,
  "NumberOfEquilibrationCycles" : 250000,
  "PrintEvery" : 5000,
  
  "Systems" : [
    {
      "Type" : "Framework",
      "Name" : "ITQ-29",
      "NumberOfUnitCells" : [2, 2, 2],
      "CutOff" : 11.8,
      "HeliumVoidFraction" : 0.401506,
      "ChargeMethod" : "Ewald",
      "ExternalTemperature" : 600.0,
      "ExternalPressure" : 1e15,

      "ComputeNumberOfMoleculesHistogram": true,
      "MinimumRangeNumberOfMoleculesHistogram" : 0,
      "MaximumRangeNumberOfMoleculesHistogram" : 128,
      "SampleNumberOfMoleculesHistogramEvery" : 1,
      "WriteNumberOfMoleculesHistogramEvery" : 1000,

      "OutputPDBMovie" : false,
      "SampleMovieEvery" : 1
    }
  ],

  "Components" : [ 
    {
      "Name" : "CO2",
      "FugacityCoefficient" : 1.0,

      "ThermodynamicIntegration" : true,

      "TranslationProbability" : 0.5,
      "RotationProbability" : 0.5,
      "ReinsertionProbability" : 0.5,
      "WdomProbability" : 1.0,
      "CFCMC_CBMC_SwapProbability" : 1.0,

      "blockingPockets" : [
           [0.0,       0.0,        0.0,       4.0],
           [0.5,       0.0,        0.0,       0.5],
           [0.0,       0.5,        0.0,       0.5],
           [0.0,       0.0,        0.5,       0.5]
         ],

      "CreateNuMberofmolecules" : 0
    }
  ]
}
