{
    "initialization": {
        "components": {
            "MFI_SI": {
                "bondTypes": [],
                "id": 0,
                "mass": 64708.992000001606,
                "n_bonds": 0,
                "name": "MFI_SI"
            },
            "methane": {
                "acentricFactor": 0.01142,
                "bondTypes": [],
                "cbmcStartingBead": 0,
                "criticalPressure": 4599200.0,
                "criticalTemperature": 190.564,
                "diagonalizedInertiaVector": [
                    0.0,
                    0.0,
                    0.0
                ],
                "fugacityCoefficient": 1.0,
                "id": 0,
                "mass": 16.04246,
                "molFraction": 1.0,
                "moveProbabilities": {
                    "Gibbs Swap-move (CBMC) probability": 0.0,
                    "Gibbs Swap-move (CFCMC) probability": 0.0,
                    "Gibbs Swap-move (CFCMC/CBMC) probability": 0.0,
                    "Gibbs Volume-move probability": 0.0,
                    "Identity-change (CBMC) probability": 0.0,
                    "Parallel Tempering Swap": 0.0,
                    "Random rotation-move probability": 0.0,
                    "Random translation-move probability": 0.0,
                    "Reinsertion (CBMC) probability": 0.14285714285714285,
                    "Rotation-move probability": 0.14285714285714285,
                    "Swap-move (CBMC) probability": 0.0,
                    "Swap-move (CFCMC) probability": 0.0,
                    "Swap-move (CFCMC/CBMC) probability": 0.2857142857142857,
                    "Translation-move probability": 0.14285714285714285,
                    "Volume-move probability": 0.0,
                    "Widom (CFCMC) probability": 0.0,
                    "Widom (CFCMC/CBMC) probability": 0.0,
                    "Widom probability": 0.2857142857142857
                },
                "n_atoms": 1,
                "n_bonds": 0,
                "name": "methane",
                "netCharge": 0.0,
                "rotationalDOF": 0,
                "swappable": true,
                "translationalDOF": 3
            }
        },
        "forceField": {
            "Ewald": {
                "alpha": 0.26505830360350674,
                "kVectors": [
                    11,
                    11,
                    7
                ],
                "precision": 1e-06
            },
            "interactions": [
                {
                    "potential": "Lennard-Jones",
                    "shift [K]": -0.09165246430970038,
                    "tailCorrections": false,
                    "typeA": "O",
                    "typeB": "O",
                    "ε/kʙ [K]": 53.0,
                    "σ/kʙ [Å]": 3.3
                },
                {
                    "potential": "Lennard-Jones",
                    "shift [K]": 0.0,
                    "tailCorrections": false,
                    "typeA": "O",
                    "typeB": "O",
                    "ε/kʙ [K]": 0.0,
                    "σ/kʙ [Å]": 1.65
                },
                {
                    "potential": "Lennard-Jones",
                    "shift [K]": -0.022039405953303906,
                    "tailCorrections": false,
                    "typeA": "O",
                    "typeB": "O",
                    "ε/kʙ [K]": 34.14674215792775,
                    "σ/kʙ [Å]": 2.8
                },
                {
                    "potential": "Lennard-Jones",
                    "shift [K]": 0.0,
                    "tailCorrections": false,
                    "typeA": "O",
                    "typeB": "O",
                    "ε/kʙ [K]": 0.0,
                    "σ/kʙ [Å]": 1.65
                },
                {
                    "potential": "Lennard-Jones",
                    "shift [K]": -0.04066984573939883,
                    "tailCorrections": false,
                    "typeA": "O",
                    "typeB": "O",
                    "ε/kʙ [K]": 39.830252321570846,
                    "σ/kʙ [Å]": 3.0225
                },
                {
                    "potential": "Lennard-Jones",
                    "shift [K]": -0.08959179262189224,
                    "tailCorrections": false,
                    "typeA": "O",
                    "typeB": "O",
                    "ε/kʙ [K]": 67.38369980937526,
                    "σ/kʙ [Å]": 3.1585
                },
                {
                    "potential": "Lennard-Jones",
                    "shift [K]": 0.0,
                    "tailCorrections": false,
                    "typeA": "O",
                    "typeB": "O",
                    "ε/kʙ [K]": 0.0,
                    "σ/kʙ [Å]": 1.65
                },
                {
                    "potential": "Lennard-Jones",
                    "shift [K]": 0.0,
                    "tailCorrections": false,
                    "typeA": "O",
                    "typeB": "O",
                    "ε/kʙ [K]": 0.0,
                    "σ/kʙ [Å]": 1.65
                },
                {
                    "potential": "Lennard-Jones",
                    "shift [K]": 0.0,
                    "tailCorrections": false,
                    "typeA": "O",
                    "typeB": "O",
                    "ε/kʙ [K]": 0.0,
                    "σ/kʙ [Å]": 1.65
                },
                {
                    "potential": "Lennard-Jones",
                    "shift [K]": 0.0,
                    "tailCorrections": false,
                    "typeA": "O",
                    "typeB": "O",
                    "ε/kʙ [K]": 0.0,
                    "σ/kʙ [Å]": 1.65
                },
                {
                    "potential": "Lennard-Jones",
                    "shift [K]": 0.0,
                    "tailCorrections": false,
                    "typeA": "O",
                    "typeB": "O",
                    "ε/kʙ [K]": 0.0,
                    "σ/kʙ [Å]": 1.65
                },
                {
                    "potential": "Lennard-Jones",
                    "shift [K]": -0.22945404337138195,
                    "tailCorrections": false,
                    "typeA": "O",
                    "typeB": "O",
                    "ε/kʙ [K]": 91.65424158215484,
                    "σ/kʙ [Å]": 3.51
                },
                {
                    "potential": "Lennard-Jones",
                    "shift [K]": 0.0,
                    "tailCorrections": false,
                    "typeA": "O",
                    "typeB": "O",
                    "ε/kʙ [K]": 0.0,
                    "σ/kʙ [Å]": 1.65
                },
                {
                    "potential": "Lennard-Jones",
                    "shift [K]": 0.0,
                    "tailCorrections": false,
                    "typeA": "O",
                    "typeB": "O",
                    "ε/kʙ [K]": 0.0,
                    "σ/kʙ [Å]": 1.65
                },
                {
                    "potential": "Lennard-Jones",
                    "shift [K]": 0.0,
                    "tailCorrections": false,
                    "typeA": "O",
                    "typeB": "O",
                    "ε/kʙ [K]": 0.0,
                    "σ/kʙ [Å]": 1.65
                },
                {
                    "potential": "Lennard-Jones",
                    "shift [K]": 0.0,
                    "tailCorrections": false,
                    "typeA": "O",
                    "typeB": "O",
                    "ε/kʙ [K]": 0.0,
                    "σ/kʙ [Å]": 1.65
                },
                {
                    "potential": "Lennard-Jones",
                    "shift [K]": 0.0,
                    "tailCorrections": false,
                    "typeA": "Al",
                    "typeB": "Al",
                    "ε/kʙ [K]": 0.0,
                    "σ/kʙ [Å]": 0.0
                },
                {
                    "potential": "Lennard-Jones",
                    "shift [K]": 0.0,
                    "tailCorrections": false,
                    "typeA": "Al",
                    "typeB": "Al",
                    "ε/kʙ [K]": 0.0,
                    "σ/kʙ [Å]": 1.15
                },
                {
                    "potential": "Lennard-Jones",
                    "shift [K]": 0.0,
                    "tailCorrections": false,
                    "typeA": "Al",
                    "typeB": "Al",
                    "ε/kʙ [K]": 0.0,
                    "σ/kʙ [Å]": 0.0
                },
                {
                    "potential": "Lennard-Jones",
                    "shift [K]": 0.0,
                    "tailCorrections": false,
                    "typeA": "Al",
                    "typeB": "Al",
                    "ε/kʙ [K]": 0.0,
                    "σ/kʙ [Å]": 1.3725
                },
                {
                    "potential": "Lennard-Jones",
                    "shift [K]": 0.0,
                    "tailCorrections": false,
                    "typeA": "Al",
                    "typeB": "Al",
                    "ε/kʙ [K]": 0.0,
                    "σ/kʙ [Å]": 1.5085
                },
                {
                    "potential": "Lennard-Jones",
                    "shift [K]": 0.0,
                    "tailCorrections": false,
                    "typeA": "Al",
                    "typeB": "Al",
                    "ε/kʙ [K]": 0.0,
                    "σ/kʙ [Å]": 0.0
                },
                {
                    "potential": "Lennard-Jones",
                    "shift [K]": 0.0,
                    "tailCorrections": false,
                    "typeA": "Al",
                    "typeB": "Al",
                    "ε/kʙ [K]": 0.0,
                    "σ/kʙ [Å]": 0.0
                },
                {
                    "potential": "Lennard-Jones",
                    "shift [K]": 0.0,
                    "tailCorrections": false,
                    "typeA": "Al",
                    "typeB": "Al",
                    "ε/kʙ [K]": 0.0,
                    "σ/kʙ [Å]": 0.0
                },
                {
                    "potential": "Lennard-Jones",
                    "shift [K]": 0.0,
                    "tailCorrections": false,
                    "typeA": "Al",
                    "typeB": "Al",
                    "ε/kʙ [K]": 0.0,
                    "σ/kʙ [Å]": 0.0
                },
                {
                    "potential": "Lennard-Jones",
                    "shift [K]": 0.0,
                    "tailCorrections": false,
                    "typeA": "Al",
                    "typeB": "Al",
                    "ε/kʙ [K]": 0.0,
                    "σ/kʙ [Å]": 0.0
                },
                {
                    "potential": "Lennard-Jones",
                    "shift [K]": 0.0,
                    "tailCorrections": false,
                    "typeA": "Al",
                    "typeB": "Al",
                    "ε/kʙ [K]": 0.0,
                    "σ/kʙ [Å]": 1.86
                },
                {
                    "potential": "Lennard-Jones",
                    "shift [K]": 0.0,
                    "tailCorrections": false,
                    "typeA": "Al",
                    "typeB": "Al",
                    "ε/kʙ [K]": 0.0,
                    "σ/kʙ [Å]": 0.0
                },
                {
                    "potential": "Lennard-Jones",
                    "shift [K]": 0.0,
                    "tailCorrections": false,
                    "typeA": "Al",
                    "typeB": "Al",
                    "ε/kʙ [K]": 0.0,
                    "σ/kʙ [Å]": 0.0
                },
                {
                    "potential": "Lennard-Jones",
                    "shift [K]": 0.0,
                    "tailCorrections": false,
                    "typeA": "Al",
                    "typeB": "Al",
                    "ε/kʙ [K]": 0.0,
                    "σ/kʙ [Å]": 0.0
                },
                {
                    "potential": "Lennard-Jones",
                    "shift [K]": 0.0,
                    "tailCorrections": false,
                    "typeA": "Al",
                    "typeB": "Al",
                    "ε/kʙ [K]": 0.0,
                    "σ/kʙ [Å]": 0.0
                },
                {
                    "potential": "Lennard-Jones",
                    "shift [K]": -0.004362552641146898,
                    "tailCorrections": false,
                    "typeA": "Si",
                    "typeB": "Si",
                    "ε/kʙ [K]": 22.0,
                    "σ/kʙ [Å]": 2.3
                },
                {
                    "potential": "Lennard-Jones",
                    "shift [K]": 0.0,
                    "tailCorrections": false,
                    "typeA": "Si",
                    "typeB": "Si",
                    "ε/kʙ [K]": 0.0,
                    "σ/kʙ [Å]": 1.15
                },
                {
                    "potential": "Lennard-Jones",
                    "shift [K]": -0.008855407605286284,
                    "tailCorrections": false,
                    "typeA": "Si",
                    "typeB": "Si",
                    "ε/kʙ [K]": 25.661761436035526,
                    "σ/kʙ [Å]": 2.5225
                },
                {
                    "potential": "Lennard-Jones",
                    "shift [K]": -0.020529076412946656,
                    "tailCorrections": false,
                    "typeA": "Si",
                    "typeB": "Si",
                    "ε/kʙ [K]": 43.41384571769702,
                    "σ/kʙ [Å]": 2.6585
                },
                {
                    "potential": "Lennard-Jones",
                    "shift [K]": 0.0,
                    "tailCorrections": false,
                    "typeA": "Si",
                    "typeB": "Si",
                    "ε/kʙ [K]": 0.0,
                    "σ/kʙ [Å]": 1.15
                },
                {
                    "potential": "Lennard-Jones",
                    "shift [K]": 0.0,
                    "tailCorrections": false,
                    "typeA": "Si",
                    "typeB": "Si",
                    "ε/kʙ [K]": 0.0,
                    "σ/kʙ [Å]": 1.15
                },
                {
                    "potential": "Lennard-Jones",
                    "shift [K]": 0.0,
                    "tailCorrections": false,
                    "typeA": "Si",
                    "typeB": "Si",
                    "ε/kʙ [K]": 0.0,
                    "σ/kʙ [Å]": 1.15
                },
                {
                    "potential": "Lennard-Jones",
                    "shift [K]": 0.0,
                    "tailCorrections": false,
                    "typeA": "Si",
                    "typeB": "Si",
                    "ε/kʙ [K]": 0.0,
                    "σ/kʙ [Å]": 1.15
                },
                {
                    "potential": "Lennard-Jones",
                    "shift [K]": 0.0,
                    "tailCorrections": false,
                    "typeA": "Si",
                    "typeB": "Si",
                    "ε/kʙ [K]": 0.0,
                    "σ/kʙ [Å]": 1.15
                },
                {
                    "potential": "Lennard-Jones",
                    "shift [K]": -0.05881515983195495,
                    "tailCorrections": false,
                    "typeA": "Si",
                    "typeB": "Si",
                    "ε/kʙ [K]": 59.0508255657785,
                    "σ/kʙ [Å]": 3.01
                },
                {
                    "potential": "Lennard-Jones",
                    "shift [K]": 0.0,
                    "tailCorrections": false,
                    "typeA": "Si",
                    "typeB": "Si",
                    "ε/kʙ [K]": 0.0,
                    "σ/kʙ [Å]": 1.15
                },
                {
                    "potential": "Lennard-Jones",
                    "shift [K]": 0.0,
                    "tailCorrections": false,
                    "typeA": "Si",
                    "typeB": "Si",
                    "ε/kʙ [K]": 0.0,
                    "σ/kʙ [Å]": 1.15
                },
                {
                    "potential": "Lennard-Jones",
                    "shift [K]": 0.0,
                    "tailCorrections": false,
                    "typeA": "Si",
                    "typeB": "Si",
                    "ε/kʙ [K]": 0.0,
                    "σ/kʙ [Å]": 1.15
                },
                {
                    "potential": "Lennard-Jones",
                    "shift [K]": 0.0,
                    "tailCorrections": false,
                    "typeA": "Si",
                    "typeB": "Si",
                    "ε/kʙ [K]": 0.0,
                    "σ/kʙ [Å]": 1.15
                },
                {
                    "potential": "Lennard-Jones",
                    "shift [K]": 0.0,
                    "tailCorrections": false,
                    "typeA": "He",
                    "typeB": "He",
                    "ε/kʙ [K]": 0.0,
                    "σ/kʙ [Å]": 0.0
                },
                {
                    "potential": "Lennard-Jones",
                    "shift [K]": 0.0,
                    "tailCorrections": false,
                    "typeA": "He",
                    "typeB": "He",
                    "ε/kʙ [K]": 0.0,
                    "σ/kʙ [Å]": 1.3725
                },
                {
                    "potential": "Lennard-Jones",
                    "shift [K]": 0.0,
                    "tailCorrections": false,
                    "typeA": "He",
                    "typeB": "He",
                    "ε/kʙ [K]": 0.0,
                    "σ/kʙ [Å]": 1.5085
                },
                {
                    "potential": "Lennard-Jones",
                    "shift [K]": 0.0,
                    "tailCorrections": false,
                    "typeA": "He",
                    "typeB": "He",
                    "ε/kʙ [K]": 0.0,
                    "σ/kʙ [Å]": 0.0
                },
                {
                    "potential": "Lennard-Jones",
                    "shift [K]": 0.0,
                    "tailCorrections": false,
                    "typeA": "He",
                    "typeB": "He",
                    "ε/kʙ [K]": 0.0,
                    "σ/kʙ [Å]": 0.0
                },
                {
                    "potential": "Lennard-Jones",
                    "shift [K]": 0.0,
                    "tailCorrections": false,
                    "typeA": "He",
                    "typeB": "He",
                    "ε/kʙ [K]": 0.0,
                    "σ/kʙ [Å]": 0.0
                },
                {
                    "potential": "Lennard-Jones",
                    "shift [K]": 0.0,
                    "tailCorrections": false,
                    "typeA": "He",
                    "typeB": "He",
                    "ε/kʙ [K]": 0.0,
                    "σ/kʙ [Å]": 0.0
                },
                {
                    "potential": "Lennard-Jones",
                    "shift [K]": 0.0,
                    "tailCorrections": false,
                    "typeA": "He",
                    "typeB": "He",
                    "ε/kʙ [K]": 0.0,
                    "σ/kʙ [Å]": 0.0
                },
                {
                    "potential": "Lennard-Jones",
                    "shift [K]": 0.0,
                    "tailCorrections": false,
                    "typeA": "He",
                    "typeB": "He",
                    "ε/kʙ [K]": 0.0,
                    "σ/kʙ [Å]": 1.86
                },
                {
                    "potential": "Lennard-Jones",
                    "shift [K]": 0.0,
                    "tailCorrections": false,
                    "typeA": "He",
                    "typeB": "He",
                    "ε/kʙ [K]": 0.0,
                    "σ/kʙ [Å]": 0.0
                },
                {
                    "potential": "Lennard-Jones",
                    "shift [K]": 0.0,
                    "tailCorrections": false,
                    "typeA": "He",
                    "typeB": "He",
                    "ε/kʙ [K]": 0.0,
                    "σ/kʙ [Å]": 0.0
                },
                {
                    "potential": "Lennard-Jones",
                    "shift [K]": 0.0,
                    "tailCorrections": false,
                    "typeA": "He",
                    "typeB": "He",
                    "ε/kʙ [K]": 0.0,
                    "σ/kʙ [Å]": 0.0
                },
                {
                    "potential": "Lennard-Jones",
                    "shift [K]": 0.0,
                    "tailCorrections": false,
                    "typeA": "He",
                    "typeB": "He",
                    "ε/kʙ [K]": 0.0,
                    "σ/kʙ [Å]": 0.0
                },
                {
                    "potential": "Lennard-Jones",
                    "shift [K]": -0.01715199439068579,
                    "tailCorrections": false,
                    "typeA": "C_co2",
                    "typeB": "C_co2",
                    "ε/kʙ [K]": 29.933,
                    "σ/kʙ [Å]": 2.745
                },
                {
                    "potential": "Lennard-Jones",
                    "shift [K]": -0.038782957981496516,
                    "tailCorrections": false,
                    "typeA": "C_co2",
                    "typeB": "C_co2",
                    "ε/kʙ [K]": 50.63980690129061,
                    "σ/kʙ [Å]": 2.8810000000000002
                },
                {
                    "potential": "Lennard-Jones",
                    "shift [K]": 0.0,
                    "tailCorrections": false,
                    "typeA": "C_co2",
                    "typeB": "C_co2",
                    "ε/kʙ [K]": 0.0,
                    "σ/kʙ [Å]": 1.3725
                },
                {
                    "potential": "Lennard-Jones",
                    "shift [K]": 0.0,
                    "tailCorrections": false,
                    "typeA": "C_co2",
                    "typeB": "C_co2",
                    "ε/kʙ [K]": 0.0,
                    "σ/kʙ [Å]": 1.3725
                },
                {
                    "potential": "Lennard-Jones",
                    "shift [K]": 0.0,
                    "tailCorrections": false,
                    "typeA": "C_co2",
                    "typeB": "C_co2",
                    "ε/kʙ [K]": 0.0,
                    "σ/kʙ [Å]": 1.3725
                },
                {
                    "potential": "Lennard-Jones",
                    "shift [K]": 0.0,
                    "tailCorrections": false,
                    "typeA": "C_co2",
                    "typeB": "C_co2",
                    "ε/kʙ [K]": 0.0,
                    "σ/kʙ [Å]": 1.3725
                },
                {
                    "potential": "Lennard-Jones",
                    "shift [K]": 0.0,
                    "tailCorrections": false,
                    "typeA": "C_co2",
                    "typeB": "C_co2",
                    "ε/kʙ [K]": 0.0,
                    "σ/kʙ [Å]": 1.3725
                },
                {
                    "potential": "Lennard-Jones",
                    "shift [K]": -0.10522707769023552,
                    "tailCorrections": false,
                    "typeA": "C_co2",
                    "typeB": "C_co2",
                    "ε/kʙ [K]": 68.87946355772524,
                    "σ/kʙ [Å]": 3.2325
                },
                {
                    "potential": "Lennard-Jones",
                    "shift [K]": 0.0,
                    "tailCorrections": false,
                    "typeA": "C_co2",
                    "typeB": "C_co2",
                    "ε/kʙ [K]": 0.0,
                    "σ/kʙ [Å]": 1.3725
                },
                {
                    "potential": "Lennard-Jones",
                    "shift [K]": 0.0,
                    "tailCorrections": false,
                    "typeA": "C_co2",
                    "typeB": "C_co2",
                    "ε/kʙ [K]": 0.0,
                    "σ/kʙ [Å]": 1.3725
                },
                {
                    "potential": "Lennard-Jones",
                    "shift [K]": 0.0,
                    "tailCorrections": false,
                    "typeA": "C_co2",
                    "typeB": "C_co2",
                    "ε/kʙ [K]": 0.0,
                    "σ/kʙ [Å]": 1.3725
                },
                {
                    "potential": "Lennard-Jones",
                    "shift [K]": 0.0,
                    "tailCorrections": false,
                    "typeA": "C_co2",
                    "typeB": "C_co2",
                    "ε/kʙ [K]": 0.0,
                    "σ/kʙ [Å]": 1.3725
                },
                {
                    "potential": "Lennard-Jones",
                    "shift [K]": -0.08652637573490223,
                    "tailCorrections": false,
                    "typeA": "O_co2",
                    "typeB": "O_co2",
                    "ε/kʙ [K]": 85.671,
                    "σ/kʙ [Å]": 3.017
                },
                {
                    "potential": "Lennard-Jones",
                    "shift [K]": 0.0,
                    "tailCorrections": false,
                    "typeA": "O_co2",
                    "typeB": "O_co2",
                    "ε/kʙ [K]": 0.0,
                    "σ/kʙ [Å]": 1.5085
                },
                {
                    "potential": "Lennard-Jones",
                    "shift [K]": 0.0,
                    "tailCorrections": false,
                    "typeA": "O_co2",
                    "typeB": "O_co2",
                    "ε/kʙ [K]": 0.0,
                    "σ/kʙ [Å]": 1.5085
                },
                {
                    "potential": "Lennard-Jones",
                    "shift [K]": 0.0,
                    "tailCorrections": false,
                    "typeA": "O_co2",
                    "typeB": "O_co2",
                    "ε/kʙ [K]": 0.0,
                    "σ/kʙ [Å]": 1.5085
                },
                {
                    "potential": "Lennard-Jones",
                    "shift [K]": 0.0,
                    "tailCorrections": false,
                    "typeA": "O_co2",
                    "typeB": "O_co2",
                    "ε/kʙ [K]": 0.0,
                    "σ/kʙ [Å]": 1.5085
                },
                {
                    "potential": "Lennard-Jones",
                    "shift [K]": 0.0,
                    "tailCorrections": false,
                    "typeA": "O_co2",
                    "typeB": "O_co2",
                    "ε/kʙ [K]": 0.0,
                    "σ/kʙ [Å]": 1.5085
                },
                {
                    "potential": "Lennard-Jones",
                    "shift [K]": -0.22793490983088277,
                    "tailCorrections": false,
                    "typeA": "O_co2",
                    "typeB": "O_co2",
                    "ε/kʙ [K]": 116.52833775524304,
                    "σ/kʙ [Å]": 3.3685
                },
                {
                    "potential": "Lennard-Jones",
                    "shift [K]": 0.0,
                    "tailCorrections": false,
                    "typeA": "O_co2",
                    "typeB": "O_co2",
                    "ε/kʙ [K]": 0.0,
                    "σ/kʙ [Å]": 1.5085
                },
                {
                    "potential": "Lennard-Jones",
                    "shift [K]": 0.0,
                    "tailCorrections": false,
                    "typeA": "O_co2",
                    "typeB": "O_co2",
                    "ε/kʙ [K]": 0.0,
                    "σ/kʙ [Å]": 1.5085
                },
                {
                    "potential": "Lennard-Jones",
                    "shift [K]": 0.0,
                    "tailCorrections": false,
                    "typeA": "O_co2",
                    "typeB": "O_co2",
                    "ε/kʙ [K]": 0.0,
                    "σ/kʙ [Å]": 1.5085
                },
                {
                    "potential": "Lennard-Jones",
                    "shift [K]": 0.0,
                    "tailCorrections": false,
                    "typeA": "O_co2",
                    "typeB": "O_co2",
                    "ε/kʙ [K]": 0.0,
                    "σ/kʙ [Å]": 1.5085
                },
                {
                    "potential": "Lennard-Jones",
                    "shift [K]": 0.0,
                    "tailCorrections": false,
                    "typeA": "O_o2",
                    "typeB": "O_o2",
                    "ε/kʙ [K]": 0.0,
                    "σ/kʙ [Å]": 0.0
                },
                {
                    "potential": "Lennard-Jones",
                    "shift [K]": 0.0,
                    "tailCorrections": false,
                    "typeA": "O_o2",
                    "typeB": "O_o2",
                    "ε/kʙ [K]": 0.0,
                    "σ/kʙ [Å]": 0.0
                },
                {
                    "potential": "Lennard-Jones",
                    "shift [K]": 0.0,
                    "tailCorrections": false,
                    "typeA": "O_o2",
                    "typeB": "O_o2",
                    "ε/kʙ [K]": 0.0,
                    "σ/kʙ [Å]": 0.0
                },
                {
                    "potential": "Lennard-Jones",
                    "shift [K]": 0.0,
                    "tailCorrections": false,
                    "typeA": "O_o2",
                    "typeB": "O_o2",
                    "ε/kʙ [K]": 0.0,
                    "σ/kʙ [Å]": 0.0
                },
                {
                    "potential": "Lennard-Jones",
                    "shift [K]": 0.0,
                    "tailCorrections": false,
                    "typeA": "O_o2",
                    "typeB": "O_o2",
                    "ε/kʙ [K]": 0.0,
                    "σ/kʙ [Å]": 0.0
                },
                {
                    "potential": "Lennard-Jones",
                    "shift [K]": 0.0,
                    "tailCorrections": false,
                    "typeA": "O_o2",
                    "typeB": "O_o2",
                    "ε/kʙ [K]": 0.0,
                    "σ/kʙ [Å]": 1.86
                },
                {
                    "potential": "Lennard-Jones",
                    "shift [K]": 0.0,
                    "tailCorrections": false,
                    "typeA": "O_o2",
                    "typeB": "O_o2",
                    "ε/kʙ [K]": 0.0,
                    "σ/kʙ [Å]": 0.0
                },
                {
                    "potential": "Lennard-Jones",
                    "shift [K]": 0.0,
                    "tailCorrections": false,
                    "typeA": "O_o2",
                    "typeB": "O_o2",
                    "ε/kʙ [K]": 0.0,
                    "σ/kʙ [Å]": 0.0
                },
                {
                    "potential": "Lennard-Jones",
                    "shift [K]": 0.0,
                    "tailCorrections": false,
                    "typeA": "O_o2",
                    "typeB": "O_o2",
                    "ε/kʙ [K]": 0.0,
                    "σ/kʙ [Å]": 0.0
                },
                {
                    "potential": "Lennard-Jones",
                    "shift [K]": 0.0,
                    "tailCorrections": false,
                    "typeA": "O_o2",
                    "typeB": "O_o2",
                    "ε/kʙ [K]": 0.0,
                    "σ/kʙ [Å]": 0.0
                },
                {
                    "potential": "Lennard-Jones",
                    "shift [K]": 0.0,
                    "tailCorrections": false,
                    "typeA": "O_com",
                    "typeB": "O_com",
                    "ε/kʙ [K]": 0.0,
                    "σ/kʙ [Å]": 0.0
                },
                {
                    "potential": "Lennard-Jones",
                    "shift [K]": 0.0,
                    "tailCorrections": false,
                    "typeA": "O_com",
                    "typeB": "O_com",
                    "ε/kʙ [K]": 0.0,
                    "σ/kʙ [Å]": 0.0
                },
                {
                    "potential": "Lennard-Jones",
                    "shift [K]": 0.0,
                    "tailCorrections": false,
                    "typeA": "O_com",
                    "typeB": "O_com",
                    "ε/kʙ [K]": 0.0,
                    "σ/kʙ [Å]": 0.0
                },
                {
                    "potential": "Lennard-Jones",
                    "shift [K]": 0.0,
                    "tailCorrections": false,
                    "typeA": "O_com",
                    "typeB": "O_com",
                    "ε/kʙ [K]": 0.0,
                    "σ/kʙ [Å]": 0.0
                },
                {
                    "potential": "Lennard-Jones",
                    "shift [K]": 0.0,
                    "tailCorrections": false,
                    "typeA": "O_com",
                    "typeB": "O_com",
                    "ε/kʙ [K]": 0.0,
                    "σ/kʙ [Å]": 1.86
                },
                {
                    "potential": "Lennard-Jones",
                    "shift [K]": 0.0,
                    "tailCorrections": false,
                    "typeA": "O_com",
                    "typeB": "O_com",
                    "ε/kʙ [K]": 0.0,
                    "σ/kʙ [Å]": 0.0
                },
                {
                    "potential": "Lennard-Jones",
                    "shift [K]": 0.0,
                    "tailCorrections": false,
                    "typeA": "O_com",
                    "typeB": "O_com",
                    "ε/kʙ [K]": 0.0,
                    "σ/kʙ [Å]": 0.0
                },
                {
                    "potential": "Lennard-Jones",
                    "shift [K]": 0.0,
                    "tailCorrections": false,
                    "typeA": "O_com",
                    "typeB": "O_com",
                    "ε/kʙ [K]": 0.0,
                    "σ/kʙ [Å]": 0.0
                },
                {
                    "potential": "Lennard-Jones",
                    "shift [K]": 0.0,
                    "tailCorrections": false,
                    "typeA": "O_com",
                    "typeB": "O_com",
                    "ε/kʙ [K]": 0.0,
                    "σ/kʙ [Å]": 0.0
                },
                {
                    "potential": "Lennard-Jones",
                    "shift [K]": 0.0,
                    "tailCorrections": false,
                    "typeA": "N_n2",
                    "typeB": "N_n2",
                    "ε/kʙ [K]": 0.0,
                    "σ/kʙ [Å]": 0.0
                },
                {
                    "potential": "Lennard-Jones",
                    "shift [K]": 0.0,
                    "tailCorrections": false,
                    "typeA": "N_n2",
                    "typeB": "N_n2",
                    "ε/kʙ [K]": 0.0,
                    "σ/kʙ [Å]": 0.0
                },
                {
                    "potential": "Lennard-Jones",
                    "shift [K]": 0.0,
                    "tailCorrections": false,
                    "typeA": "N_n2",
                    "typeB": "N_n2",
                    "ε/kʙ [K]": 0.0,
                    "σ/kʙ [Å]": 0.0
                },
                {
                    "potential": "Lennard-Jones",
                    "shift [K]": 0.0,
                    "tailCorrections": false,
                    "typeA": "N_n2",
                    "typeB": "N_n2",
                    "ε/kʙ [K]": 0.0,
                    "σ/kʙ [Å]": 1.86
                },
                {
                    "potential": "Lennard-Jones",
                    "shift [K]": 0.0,
                    "tailCorrections": false,
                    "typeA": "N_n2",
                    "typeB": "N_n2",
                    "ε/kʙ [K]": 0.0,
                    "σ/kʙ [Å]": 0.0
                },
                {
                    "potential": "Lennard-Jones",
                    "shift [K]": 0.0,
                    "tailCorrections": false,
                    "typeA": "N_n2",
                    "typeB": "N_n2",
                    "ε/kʙ [K]": 0.0,
                    "σ/kʙ [Å]": 0.0
                },
                {
                    "potential": "Lennard-Jones",
                    "shift [K]": 0.0,
                    "tailCorrections": false,
                    "typeA": "N_n2",
                    "typeB": "N_n2",
                    "ε/kʙ [K]": 0.0,
                    "σ/kʙ [Å]": 0.0
                },
                {
                    "potential": "Lennard-Jones",
                    "shift [K]": 0.0,
                    "tailCorrections": false,
                    "typeA": "N_n2",
                    "typeB": "N_n2",
                    "ε/kʙ [K]": 0.0,
                    "σ/kʙ [Å]": 0.0
                },
                {
                    "potential": "Lennard-Jones",
                    "shift [K]": 0.0,
                    "tailCorrections": false,
                    "typeA": "N_com",
                    "typeB": "N_com",
                    "ε/kʙ [K]": 0.0,
                    "σ/kʙ [Å]": 0.0
                },
                {
                    "potential": "Lennard-Jones",
                    "shift [K]": 0.0,
                    "tailCorrections": false,
                    "typeA": "N_com",
                    "typeB": "N_com",
                    "ε/kʙ [K]": 0.0,
                    "σ/kʙ [Å]": 0.0
                },
                {
                    "potential": "Lennard-Jones",
                    "shift [K]": 0.0,
                    "tailCorrections": false,
                    "typeA": "N_com",
                    "typeB": "N_com",
                    "ε/kʙ [K]": 0.0,
                    "σ/kʙ [Å]": 1.86
                },
                {
                    "potential": "Lennard-Jones",
                    "shift [K]": 0.0,
                    "tailCorrections": false,
                    "typeA": "N_com",
                    "typeB": "N_com",
                    "ε/kʙ [K]": 0.0,
                    "σ/kʙ [Å]": 0.0
                },
                {
                    "potential": "Lennard-Jones",
                    "shift [K]": 0.0,
                    "tailCorrections": false,
                    "typeA": "N_com",
                    "typeB": "N_com",
                    "ε/kʙ [K]": 0.0,
                    "σ/kʙ [Å]": 0.0
                },
                {
                    "potential": "Lennard-Jones",
                    "shift [K]": 0.0,
                    "tailCorrections": false,
                    "typeA": "N_com",
                    "typeB": "N_com",
                    "ε/kʙ [K]": 0.0,
                    "σ/kʙ [Å]": 0.0
                },
                {
                    "potential": "Lennard-Jones",
                    "shift [K]": 0.0,
                    "tailCorrections": false,
                    "typeA": "N_com",
                    "typeB": "N_com",
                    "ε/kʙ [K]": 0.0,
                    "σ/kʙ [Å]": 0.0
                },
                {
                    "potential": "Lennard-Jones",
                    "shift [K]": 0.0,
                    "tailCorrections": false,
                    "typeA": "Ar",
                    "typeB": "Ar",
                    "ε/kʙ [K]": 0.0,
                    "σ/kʙ [Å]": 0.0
                },
                {
                    "potential": "Lennard-Jones",
                    "shift [K]": 0.0,
                    "tailCorrections": false,
                    "typeA": "Ar",
                    "typeB": "Ar",
                    "ε/kʙ [K]": 0.0,
                    "σ/kʙ [Å]": 1.86
                },
                {
                    "potential": "Lennard-Jones",
                    "shift [K]": 0.0,
                    "tailCorrections": false,
                    "typeA": "Ar",
                    "typeB": "Ar",
                    "ε/kʙ [K]": 0.0,
                    "σ/kʙ [Å]": 0.0
                },
                {
                    "potential": "Lennard-Jones",
                    "shift [K]": 0.0,
                    "tailCorrections": false,
                    "typeA": "Ar",
                    "typeB": "Ar",
                    "ε/kʙ [K]": 0.0,
                    "σ/kʙ [Å]": 0.0
                },
                {
                    "potential": "Lennard-Jones",
                    "shift [K]": 0.0,
                    "tailCorrections": false,
                    "typeA": "Ar",
                    "typeB": "Ar",
                    "ε/kʙ [K]": 0.0,
                    "σ/kʙ [Å]": 0.0
                },
                {
                    "potential": "Lennard-Jones",
                    "shift [K]": 0.0,
                    "tailCorrections": false,
                    "typeA": "Ar",
                    "typeB": "Ar",
                    "ε/kʙ [K]": 0.0,
                    "σ/kʙ [Å]": 0.0
                },
                {
                    "potential": "Lennard-Jones",
                    "shift [K]": -0.5621779555490783,
                    "tailCorrections": false,
                    "typeA": "CH4",
                    "typeB": "CH4",
                    "ε/kʙ [K]": 158.5,
                    "σ/kʙ [Å]": 3.72
                },
                {
                    "potential": "Lennard-Jones",
                    "shift [K]": 0.0,
                    "tailCorrections": false,
                    "typeA": "CH4",
                    "typeB": "CH4",
                    "ε/kʙ [K]": 0.0,
                    "σ/kʙ [Å]": 1.86
                },
                {
                    "potential": "Lennard-Jones",
                    "shift [K]": 0.0,
                    "tailCorrections": false,
                    "typeA": "CH4",
                    "typeB": "CH4",
                    "ε/kʙ [K]": 0.0,
                    "σ/kʙ [Å]": 1.86
                },
                {
                    "potential": "Lennard-Jones",
                    "shift [K]": 0.0,
                    "tailCorrections": false,
                    "typeA": "CH4",
                    "typeB": "CH4",
                    "ε/kʙ [K]": 0.0,
                    "σ/kʙ [Å]": 1.86
                },
                {
                    "potential": "Lennard-Jones",
                    "shift [K]": 0.0,
                    "tailCorrections": false,
                    "typeA": "CH4",
                    "typeB": "CH4",
                    "ε/kʙ [K]": 0.0,
                    "σ/kʙ [Å]": 1.86
                },
                {
                    "potential": "Lennard-Jones",
                    "shift [K]": 0.0,
                    "tailCorrections": false,
                    "typeA": "CH3",
                    "typeB": "CH3",
                    "ε/kʙ [K]": 0.0,
                    "σ/kʙ [Å]": 0.0
                },
                {
                    "potential": "Lennard-Jones",
                    "shift [K]": 0.0,
                    "tailCorrections": false,
                    "typeA": "CH3",
                    "typeB": "CH3",
                    "ε/kʙ [K]": 0.0,
                    "σ/kʙ [Å]": 0.0
                },
                {
                    "potential": "Lennard-Jones",
                    "shift [K]": 0.0,
                    "tailCorrections": false,
                    "typeA": "CH3",
                    "typeB": "CH3",
                    "ε/kʙ [K]": 0.0,
                    "σ/kʙ [Å]": 0.0
                },
                {
                    "potential": "Lennard-Jones",
                    "shift [K]": 0.0,
                    "tailCorrections": false,
                    "typeA": "CH3",
                    "typeB": "CH3",
                    "ε/kʙ [K]": 0.0,
                    "σ/kʙ [Å]": 0.0
                },
                {
                    "potential": "Lennard-Jones",
                    "shift [K]": 0.0,
                    "tailCorrections": false,
                    "typeA": "CH2",
                    "typeB": "CH2",
                    "ε/kʙ [K]": 0.0,
                    "σ/kʙ [Å]": 0.0
                },
                {
                    "potential": "Lennard-Jones",
                    "shift [K]": 0.0,
                    "tailCorrections": false,
                    "typeA": "CH2",
                    "typeB": "CH2",
                    "ε/kʙ [K]": 0.0,
                    "σ/kʙ [Å]": 0.0
                },
                {
                    "potential": "Lennard-Jones",
                    "shift [K]": 0.0,
                    "tailCorrections": false,
                    "typeA": "CH2",
                    "typeB": "CH2",
                    "ε/kʙ [K]": 0.0,
                    "σ/kʙ [Å]": 0.0
                },
                {
                    "potential": "Lennard-Jones",
                    "shift [K]": 0.0,
                    "tailCorrections": false,
                    "typeA": "CH",
                    "typeB": "CH",
                    "ε/kʙ [K]": 0.0,
                    "σ/kʙ [Å]": 0.0
                },
                {
                    "potential": "Lennard-Jones",
                    "shift [K]": 0.0,
                    "tailCorrections": false,
                    "typeA": "CH",
                    "typeB": "CH",
                    "ε/kʙ [K]": 0.0,
                    "σ/kʙ [Å]": 0.0
                },
                {
                    "potential": "Lennard-Jones",
                    "shift [K]": 0.0,
                    "tailCorrections": false,
                    "typeA": "C",
                    "typeB": "C",
                    "ε/kʙ [K]": 0.0,
                    "σ/kʙ [Å]": 0.0
                }
            ],
            "pseudoAtoms": [
                {
                    "charge": -1.025,
                    "mass": 28.0855,
                    "name": "O",
                    "source": "P. Bai, M. Tsapatsis, J. I. Siepmann, J. Phys. Chem. C 2013, 117, 24375-24387"
                },
                {
                    "charge": 1.75,
                    "mass": 26.98154,
                    "name": "Al",
                    "source": "P. Bai, M. Tsapatsis, J. I. Siepmann, J. Phys. Chem. C 2013, 117, 24375-24387"
                },
                {
                    "charge": 2.05,
                    "mass": 28.0855,
                    "name": "Si",
                    "source": "P. Bai, M. Tsapatsis, J. I. Siepmann, J. Phys. Chem. C 2013, 117, 24375-24387"
                },
                {
                    "charge": 0.0,
                    "mass": 4.002602,
                    "name": "He",
                    "source": "J.O. Hirschfelder et al., Molecular Theory of Gases and Liquids, Wiley, New York, 1954, p. 1114"
                },
                {
                    "charge": 0.6512,
                    "mass": 12.0,
                    "name": "C_co2",
                    "source": "A. Garcia-Sanchez et al., J. Phys. Chem. C 2009, 113, 8814-8820"
                },
                {
                    "charge": -0.3256,
                    "mass": 15.9994,
                    "name": "O_co2",
                    "source": "A. Garcia-Sanchez et al., J. Phys. Chem. C 2009, 113, 8814-8820"
                },
                {
                    "charge": -0.112,
                    "mass": 15.9994,
                    "name": "O_o2",
                    "source": "A. Martin-Calvo et al. , Phys. Chem. Chem. Phys. 2011, 13, 11165-11174"
                },
                {
                    "charge": 0.224,
                    "mass": 0.0,
                    "name": "O_com",
                    "source": "A. Martin-Calvo et al. , Phys. Chem. Chem. Phys. 2011, 13, 11165-11174"
                },
                {
                    "charge": -0.405,
                    "mass": 14.00674,
                    "name": "N_n2",
                    "source": "A. Martin-Calvo et al. , Phys. Chem. Chem. Phys. 2011, 13, 11165-11174"
                },
                {
                    "charge": 0.81,
                    "mass": 0.0,
                    "name": "N_com",
                    "source": "A. Martin-Calvo et al. , Phys. Chem. Chem. Phys. 2011, 13, 11165-11174"
                },
                {
                    "charge": 0.0,
                    "mass": 39.948,
                    "name": "Ar",
                    "source": "A. Martin-Calvo et al. , Phys. Chem. Chem. Phys. 2011, 13, 11165-11174"
                },
                {
                    "charge": 0.0,
                    "mass": 16.04246,
                    "name": "CH4",
                    "source": "M. G. Martin et al., J. Chem. Phys. 2001, 114, 7174-7181"
                },
                {
                    "charge": 0.0,
                    "mass": 15.03452,
                    "name": "CH3",
                    "source": "D. Dubbeldam et al., J. Phys. Chem. B, 108(33), 12301-12313"
                },
                {
                    "charge": 0.0,
                    "mass": 14.02658,
                    "name": "CH2",
                    "source": "D. Dubbeldam et al., J. Phys. Chem. B, 108(33), 12301-12313"
                },
                {
                    "charge": 0.0,
                    "mass": 13.01864,
                    "name": "CH",
                    "source": "D. Dubbeldam et al., J. Phys. Chem. B, 108(33), 12301-12313"
                },
                {
                    "charge": 0.0,
                    "mass": 12.0,
                    "name": "C",
                    "source": "D. Dubbeldam et al., J. Phys. Chem. B, 108(33), 12301-12313"
                }
            ]
        },
        "hardwareInfo": {
            "compile_date": "Aug 28 2024",
            "compile_time": "22:13:18",
            "compiler": "gcc Homebrew Clang 18.1.8",
            "cpu_model": "MacPro7,1",
            "hostname": "MacPro.fritz.box",
            "os_arch": "x86_64",
            "os_release": "23.6.0",
            "os_type": "Darwin",
            "os_version": "23G93",
            "start_date": "Sat, Aug 31",
            "start_time": "08:25:00"
        },
        "initialConditions": {
            "beta": 0.004009077391850886,
            "box": [
                [
                    40.044,
                    0.0,
                    0.0
                ],
                [
                    2.436924665623318e-15,
                    39.798,
                    0.0
                ],
                [
                    1.6389448112989028e-15,
                    1.6389448112989028e-15,
                    26.766
                ]
            ],
            "boxAngles": [
                90.0,
                90.0,
                90.0
            ],
            "boxLengths": [
                40.044,
                39.798,
                26.766
            ],
            "pressure": 100000000.0,
            "temperature": 300.0
        },
        "reactions": null,
        "units": {
            "Boltzmann constant [-]": 0.8314464919307584,
            "Coulomb potential [K]": 167101.08000665612,
            "Energy to Kelvin [-]": 1.202724284692786,
            "Kelvin to energy [-]": 0.8314457542157568,
            "acceleration [m²/s]": 1.0000000000000002e-08,
            "charge [C/particle]": 1.60217733e-19,
            "dielectric constant [s² C²/(kg m³)]": 1.5458657349975197e-05,
            "diffusion [m²/s]": 1.0000000000000002e-08,
            "dipole moment [C.m]": 1.60217733e-29,
            "electric field [V]": 1036427.222447343,
            "electric potential [V]": 0.00010364272224473431,
            "energy [J]": 1.6605402000000002e-23,
            "force [N]": 1.6605402000000002e-13,
            "length [m]": 1e-10,
            "mass [kg]": 1.6605402e-27,
            "polarizability [-]": 1.5458657349975198e-35,
            "pressure [Pa]": 16605402.0,
            "temperature": "Kelvin",
            "time [s]": 1e-12,
            "velocity [m/s]": 100.0
        }
    },
    "output": {
        "MCMoveStatistics": {
            "methane": {
                "percentage": {
                    "insertionDeletionCBCFCMC": 28.562842682598298,
                    "reinsertionCBMC": 14.286206556767302,
                    "rotation": 14.28533898229149,
                    "translation": 14.291626186070895,
                    "widomCBMC": 28.573985592272017
                }
            },
            "summedOverAllSystems": {
                "count": {
                    "InsertionDeletionCBCFCMC": 21070490,
                    "countTotal": 73768883,
                    "deletion": 0,
                    "deletionCBMC": 0,
                    "difference": 0,
                    "gibbsSwapCBMC": 0,
                    "gibbsSwapCFCMC": 0,
                    "gibbsVolume": 0,
                    "insertion": 0,
                    "insertionCBMC": 0,
                    "insertionDeletionCFCMC": 0,
                    "parallelTemperingSwap": 0,
                    "randomRotation": 0,
                    "randomTranslation": 0,
                    "reinsertionCBMC": 10538775,
                    "rotation": 10538135,
                    "sum": 73768883,
                    "translation": 10542773,
                    "volume": 0,
                    "widomCBCFCMC": 0,
                    "widomCBMC": 21078710,
                    "widomCFCMC": 0
                },
                "percentage": {
                    "insertionDeletionCBCFCMC": 28.562842682598298,
                    "reinsertionCBMC": 14.286206556767302,
                    "rotation": 14.28533898229149,
                    "translation": 14.291626186070895,
                    "widomCBMC": 28.573985592272017
                }
            },
            "system": {
                "lambdaStatistics": {
                    "CFCMC": {
                        "excessChemicalPotential": {
                            "blocks": {
                                "[K]": [
                                    -15.432698551674573,
                                    -3.3068337212693892,
                                    -15.131372128235384,
                                    -10.796856534789676,
                                    3.4539885863238546
                                ]
                            },
                            "confidence": {
                                "[K]": 10.140038267797747,
                                "[kJ/mol]": 0.0843089924549219
                            },
                            "mean": {
                                "[K]": 581.8195162022724,
                                "[kJ/mol]": 4.837517956653347
                            }
                        },
                        "idealGasChemicalPotential": {
                            "confidence": {
                                "[K]": 0.370200626659312,
                                "[kJ/mol]": 0.003078020123350666
                            },
                            "mean": {
                                "[K]": -1701.9600743800218,
                                "[kJ/mol]": -14.150887331971322
                            }
                        },
                        "imposedChemicalPotential": {
                            "[K]": -1117.126596920589,
                            "[kJ/mol]": -9.288309900178092
                        },
                        "imposedFugacity": 100000000.0,
                        "measuredFugacity": {
                            "confidence": 3298461.0490341694,
                            "mean": 99000376.91783339
                        },
                        "totalGasChemicalPotential": {
                            "confidence": {
                                "[K]": 9.930202761928738,
                                "[kJ/mol]": 0.0825643225026134
                            },
                            "mean": {
                                "[K]": -1120.1405581777494,
                                "[kJ/mol]": -9.313369375317976
                            }
                        }
                    },
                    "thermodynamicIntegration": {
                        "excessChemicalPotential": {
                            "blocks": [],
                            "confidence": {
                                "[K]": 12.28457798961088,
                                "[kJ/mol]": 0.10213969273933923
                            },
                            "mean": {
                                "[K]": 622.0372930981549,
                                "[kJ/mol]": 5.17190725177433
                            }
                        },
                        "idealChemicalPotential": {
                            "confidence": {
                                "[K]": 0.370200626659312,
                                "[kJ/mol]": 0.003078020123350666
                            },
                            "mean": {
                                "[K]": -1701.9600743800218,
                                "[kJ/mol]": -14.150887331971322
                            }
                        },
                        "imposedChemicalPotential": {
                            "[K]": -1117.126596920589,
                            "[kJ/mol]": -9.288309900178092
                        },
                        "imposedFugacity": 100000000.0,
                        "measuredFugacity": {
                            "confidence": 4637115.869429579,
                            "mean": 113203014.44093888
                        },
                        "totalChemicalPotential": {
                            "confidence": {
                                "[K]": 12.265263366691123,
                                "[kJ/mol]": 0.10197910198464918
                            },
                            "mean": {
                                "[K]": -1079.9227812818667,
                                "[kJ/mol]": -8.978980080196992
                            }
                        }
                    }
                },
                "methane": {
                    "reinsertionCBMC": {
                        "accepted": 27825.0,
                        "all": 10538775,
                        "constructed": 3858327.0,
                        "fraction": 0.002640249934171666,
                        "maxChange": 0.0,
                        "total": 10538775.0
                    },
                    "rotation": {
                        "accepted": [
                            3515951.0,
                            3510302.0,
                            3511882.0
                        ],
                        "all": 10538135,
                        "constructed": [
                            3515951.0,
                            3510302.0,
                            3511882.0
                        ],
                        "fraction": [
                            1.0,
                            1.0,
                            1.0
                        ],
                        "maxChange": [
                            1.5,
                            1.5,
                            1.5
                        ],
                        "total": [
                            3515951.0,
                            3510302.0,
                            3511882.0
                        ]
                    },
                    "swapCBCFCMC": {
                        "accepted": [
                            1463279.0,
                            1463280.0,
                            6277301.0
                        ],
                        "all": 21070490,
                        "constructed": [
                            3573085.0,
                            5138003.0,
                            9628600.0
                        ],
                        "fraction": [
                            0.28445872363620955,
                            0.2847954740392328,
                            0.5818562614214057
                        ],
                        "maxChange": [
                            0.0,
                            0.0,
                            1.0
                        ],
                        "total": [
                            5144082.0,
                            5138003.0,
                            10788405.0
                        ]
                    },
                    "translation": {
                        "accepted": [
                            1762304.0,
                            1752566.0,
                            1751886.0
                        ],
                        "all": 10542773,
                        "constructed": [
                            3515156.0,
                            3512000.0,
                            3514308.0
                        ],
                        "fraction": [
                            0.5012738750234309,
                            0.49896637420698653,
                            0.49844127385070086
                        ],
                        "maxChange": [
                            1.060599369572993,
                            1.0480959204353797,
                            1.031176214355919
                        ],
                        "total": [
                            3515651.0,
                            3512393.0,
                            3514729.0
                        ]
                    },
                    "widomCBMC": {
                        "accepted": 0.0,
                        "all": 21078710,
                        "constructed": 7543773.0,
                        "fraction": 0.0,
                        "maxChange": 0.0,
                        "total": 21078710.0
                    }
                },
                "system": null
            }
        },
        "cpuTimings": {
            "equilibration": 7744.394320000008,
            "initialization": 652.7109959999972,
            "methane": {
                "reinsertionCBMC": {
                    "Ewald": 0.18156900000016,
                    "nonEwald": 3195.78589704413,
                    "overhead": 1.8979149506067188,
                    "total": 3197.865380994737
                },
                "rotation": {
                    "Ewald": 0.44596299999501815,
                    "ExternalField-Molecule": 0.4920739999937824,
                    "Framework-Molecule": 1581.0179550515372,
                    "Molecule-Molecule": 102.38398801875209,
                    "overhead": 5.474726032107583,
                    "total": 1689.8147061023858
                },
                "swapCBCFCMC": {
                    "deletion": {
                        "Ewald": 0.4572609999947356,
                        "ExternalField": 0.24691600000022448,
                        "Framework": 765.3526559765356,
                        "Molecule": 49.72985900068568,
                        "Tail": 138.04535001576346
                    },
                    "insertion": {
                        "Ewald": 0.39660899999637916,
                        "ExternalField": 0.23546100000021417,
                        "Framework": 763.7757929776304,
                        "Molecule": 48.65631500028757,
                        "Tail": 126.41716499965447
                    },
                    "lambda": {
                        "Ewald": 0.470618999994374,
                        "ExternalField": 0.4989899999935884,
                        "Framework": 1555.0563119822586,
                        "Molecule": 95.14428001551767,
                        "Tail": 178.33698301764335
                    },
                    "overhead": 4826.483193849451,
                    "total": 8549.303762835407
                },
                "translation": {
                    "Ewald": 0.4736049999942607,
                    "ExternalField-Molecule": 0.48185499999407627,
                    "Framework-Molecule": 1573.888238009743,
                    "Molecule-Molecule": 102.01463601850224,
                    "overhead": 5.2438669423174815,
                    "total": 1682.102200970551
                },
                "widomCBMC": {
                    "Ewald": 0.38447699999670487,
                    "Tail": 0.0,
                    "nonEwald": 5883.345846971153,
                    "overhead": 69.1961040001379,
                    "total": 5952.926427971288
                }
            },
            "production": 21717.585628000095,
            "summedSystemsAndComponents": {
                "allSummed": 21691.183085874367,
                "energyPressureSampling": 617.574939000004,
                "overhead": 26.40254212572836,
                "productionSimulationTime": 21717.585628000095,
                "propertySampling": 1.5956679999945067,
                "reinsertionCBMC": {
                    "Ewald": 0.18156900000016,
                    "nonEwald": 3195.78589704413,
                    "overhead": 1.8979149506067188,
                    "total": 3197.865380994737
                },
                "rotation": {
                    "Ewald": 0.44596299999501815,
                    "ExternalField-Molecule": 0.4920739999937824,
                    "Framework-Molecule": 1581.0179550515372,
                    "Molecule-Molecule": 102.38398801875209,
                    "overhead": 5.474726032107583,
                    "total": 1689.8147061023858
                },
                "swapCBCFCMC": {
                    "deletion": {
                        "Ewald": 0.4572609999947356,
                        "ExternalField": 0.24691600000022448,
                        "Framework": 765.3526559765356,
                        "Molecule": 49.72985900068568,
                        "Tail": 138.04535001576346
                    },
                    "insertion": {
                        "Ewald": 0.39660899999637916,
                        "ExternalField": 0.23546100000021417,
                        "Framework": 763.7757929776304,
                        "Molecule": 48.65631500028757,
                        "Tail": 126.41716499965447
                    },
                    "lambda": {
                        "Ewald": 0.470618999994374,
                        "ExternalField": 0.4989899999935884,
                        "Framework": 1555.0563119822586,
                        "Molecule": 95.14428001551767,
                        "Tail": 178.33698301764335
                    },
                    "overhead": 4826.483193849451,
                    "total": 8549.303762835407
                },
                "translation": {
                    "Ewald": 0.4736049999942607,
                    "ExternalField-Molecule": 0.48185499999407627,
                    "Framework-Molecule": 1573.888238009743,
                    "Molecule-Molecule": 102.01463601850224,
                    "overhead": 5.2438669423174815,
                    "total": 1682.102200970551
                },
                "widomCBMC": {
                    "Ewald": 0.38447699999670487,
                    "Tail": 0.0,
                    "nonEwald": 5883.345846971153,
                    "overhead": 69.1961040001379,
                    "total": 5952.926427971288
                }
            },
            "system": {
                "energyPressureSampling": 617.574939000004,
                "propertySampling": 1.5956679999945067
            },
            "total": 30114.690943999598
        },
        "drift": {
            "Ewald Fourier [K]": 0.0,
            "Ewald exclusion [K]": 0.0,
            "Ewald self [K]": 0.0,
            "Total potential energy [K]": -7.171420666460021e-09,
            "Van der Waals (Tail) [K]": 0.0,
            "dU/dlambda Ewald [K]": 0.0,
            "dU/dlambda Real [K]": 0.0,
            "dU/dlambda VDW [K]": -2.200595717777753e-09,
            "external field Real [K]": 0.0,
            "external field VDW [K]": 0.0,
            "framework-molecule Rea [K]": 0.0,
            "framework-molecule VDW [K]": -1.1481273843069612e-08,
            "intra Coulombic [K]": 0.0,
            "intra VDW [K]": 0.0,
            "molecule-molecule Real [K]": 0.0,
            "molecule-molecule VDW [K]": 4.309853176609592e-09,
            "polarization [K]": 0.0
        },
        "recomputedEnergies": {
            "Ewald Fourier [K]": 0.0,
            "Ewald exclusion [K]": 0.0,
            "Ewald self [K]": 0.0,
            "Total potential energy [K]": -295053.6284924651,
            "Van der Waals (Tail) [K]": 0.0,
            "dU/dlambda Ewald [K]": 0.0,
            "dU/dlambda Real [K]": 0.0,
            "dU/dlambda VDW [K]": -2455.9586769983694,
            "external field Real [K]": 0.0,
            "external field VDW [K]": 0.0,
            "framework-molecule Rea [K]": 0.0,
            "framework-molecule VDW [K]": -274441.52297135245,
            "intra Coulombic [K]": 0.0,
            "intra VDW [K]": 0.0,
            "molecule-molecule Real [K]": 0.0,
            "molecule-molecule VDW [K]": -20612.105521112673,
            "polarization [K]": 0.0
        },
        "runningEnergies": {
            "Ewald Fourier [K]": 0.0,
            "Ewald exclusion [K]": 0.0,
            "Ewald self [K]": 0.0,
            "Total potential energy [K]": -295053.62849247234,
            "Van der Waals (Tail) [K]": 0.0,
            "dU/dlambda Ewald [K]": 0.0,
            "dU/dlambda Real [K]": 0.0,
            "dU/dlambda VDW [K]": -2455.95867700057,
            "external field Real [K]": 0.0,
            "external field VDW [K]": 0.0,
            "framework-molecule Rea [K]": 0.0,
            "framework-molecule VDW [K]": -274441.5229713639,
            "intra Coulombic [K]": 0.0,
            "intra VDW [K]": 0.0,
            "molecule-molecule Real [K]": 0.0,
            "molecule-molecule VDW [K]": -20612.105521108362,
            "polarization [K]": 0.0
        }
    },
    "properties": {
        "averageEnergies": {
            "Framework-Molecule": {
                "methane-MFI_SI": {
                    "coulombFourier": {
                        "block": [
                            0.0,
                            0.0,
                            0.0,
                            0.0,
                            0.0
                        ],
                        "confidence": 0.0,
                        "mean": 0.0
                    },
                    "coulombReal": {
                        "block": [
                            0.0,
                            0.0,
                            0.0,
                            0.0,
                            0.0
                        ],
                        "confidence": 0.0,
                        "mean": 0.0
                    },
                    "tailCorrection": {
                        "block": [
                            0.0,
                            0.0,
                            0.0,
                            0.0,
                            0.0
                        ],
                        "confidence": 0.0,
                        "mean": 0.0
                    },
                    "total": {
                        "block": [
                            -282634.9726719434,
                            -281902.34141207946,
                            -282308.7170960945,
                            -282376.84473322437,
                            -282108.8975854091
                        ],
                        "confidence": 344.0339283220541,
                        "mean": -282266.1363325423
                    },
                    "vanDerWaals": {
                        "block": [
                            -282634.9726719434,
                            -281902.34141207946,
                            -282308.7170960945,
                            -282376.84473322437,
                            -282108.8975854091
                        ],
                        "confidence": 344.0339283220541,
                        "mean": -282266.1363325423
                    }
                }
            },
            "Molecule-Molecule": {
                "methane-methane": {
                    "coulombFourier": {
                        "block": [
                            0.0,
                            0.0,
                            0.0,
                            0.0,
                            0.0
                        ],
                        "confidence": 0.0,
                        "mean": 0.0
                    },
                    "coulombReal": {
                        "block": [
                            0.0,
                            0.0,
                            0.0,
                            0.0,
                            0.0
                        ],
                        "confidence": 0.0,
                        "mean": 0.0
                    },
                    "tailCorrection": {
                        "block": [
                            0.0,
                            0.0,
                            0.0,
                            0.0,
                            0.0
                        ],
                        "confidence": 0.0,
                        "mean": 0.0
                    },
                    "total": {
                        "block": [
                            -42266.4605435494,
                            -42469.64435268716,
                            -42379.93995429807,
                            -42536.40845934279,
                            -42186.91235621912
                        ],
                        "confidence": 177.68411159666582,
                        "mean": -42367.741849865546
                    },
                    "vanDerWaals": {
                        "block": [
                            -42266.4605435494,
                            -42469.64435268716,
                            -42379.93995429807,
                            -42536.40845934279,
                            -42186.91235621912
                        ],
                        "confidence": 177.68411159666582,
                        "mean": -42367.741849865546
                    }
                }
            },
            "totalEnergy": {
                "block": [
                    -303768.202943719,
                    -303137.1635884236,
                    -303498.687073245,
                    -303645.0489628952,
                    -303202.3537635179
                ],
                "confidence": 340.4777865234963,
                "mean": -303450.0072574754
            }
        },
        "averageEnthalpy": {
            "methane": {
                "block": [
                    -2040.4527269736805,
                    -1936.8138315156732,
                    -1922.8714709596036,
                    -1924.916943736075,
                    -1913.7164634351923
                ],
                "confidence": {
                    "[K]": 65.13837285851677,
                    "[kJ/mol]": 0.5415907160128796
                },
                "mean": {
                    "[K]": -1947.7542873240448,
                    "[kJ/mol]": -16.194534692787617
                },
                "warning": "Warning: Recompute value of the total enthalpy of adsorption by hand. Need to subtract the ideal-gas energy"
            }
        },
        "averagePressure": {
            "averagePressureTensor": {
                "confidence": [
                    [
                        594861.979638116,
                        146558.9196986768,
                        353724.843995494
                    ],
                    [
                        146558.9196986766,
                        497918.9252181619,
                        519512.67488795705
                    ],
                    [
                        353724.8439954945,
                        519512.67488795717,
                        725739.4340791013
                    ]
                ],
                "mean": [
                    [
                        -31179012.148779005,
                        28783.92566881037,
                        -60362.9074390695
                    ],
                    [
                        28783.925668810334,
                        -27745815.717030156,
                        356258.3382105468
                    ],
                    [
                        -60362.90743906921,
                        356258.3382105467,
                        -38725235.89220971
                    ]
                ]
            },
            "excessPressure": {
                "block": [
                    -46669915.01666979,
                    -47190891.88133038,
                    -47069810.83100576,
                    -46514489.56094812,
                    -46482171.15837236
                ],
                "confidence": 404187.0309448152,
                "mean": -46785352.50599683
            },
            "idealGasPressure": {
                "block": [
                    14250369.94213825,
                    14215292.653794596,
                    14232459.567670982,
                    14247445.014774118,
                    14231094.008061694
                ],
                "confidence": 17564.115007770273,
                "mean": 14235331.253323877
            },
            "pressure": {
                "block": [
                    -32419545.074531537,
                    -32975599.227535784,
                    -32837351.26333478,
                    -32267044.546174,
                    -32251077.15031066
                ],
                "confidence": 416465.9587985678,
                "mean": -32550021.252672955
            }
        }
    },
    "seed": 2923569160,
    "version": "3.0.0"
}