{
    "initialization": {
        "components": {
            "CO2": {
                "acentricFactor": 0.22394,
                "bondTypes": [],
                "cbmcStartingBead": 0,
                "criticalPressure": 7377300.0,
                "criticalTemperature": 304.1282,
                "diagonalizedInertiaVector": [
                    42.2448477588,
                    42.2448477588,
                    0.0
                ],
                "fugacityCoefficient": 1.0,
                "id": 0,
                "mass": 43.9988,
                "molFraction": 1.0,
                "moveProbabilities": {
                    "Gibbs Swap-move (CBMC) probability": 0.0,
                    "Gibbs Swap-move (CFCMC) probability": 0.0,
                    "Gibbs Swap-move (CFCMC/CBMC) probability": 0.0,
                    "Gibbs Volume-move probability": 0.0,
                    "Identity-change (CBMC) probability": 0.0,
                    "Parallel Tempering Swap": 0.0,
                    "Random rotation-move probability": 0.0,
                    "Random translation-move probability": 0.0,
                    "Reinsertion (CBMC) probability": 0.2,
                    "Rotation-move probability": 0.2,
                    "Swap-move (CBMC) probability": 0.4,
                    "Swap-move (CFCMC) probability": 0.0,
                    "Swap-move (CFCMC/CBMC) probability": 0.0,
                    "Translation-move probability": 0.2,
                    "Volume-move probability": 0.0,
                    "Widom (CFCMC) probability": 0.0,
                    "Widom (CFCMC/CBMC) probability": 0.0,
                    "Widom probability": 0.0
                },
                "n_atoms": 3,
                "n_bonds": 0,
                "name": "CO2",
                "netCharge": 0.0,
                "rotationalDOF": 2,
                "shape": "linear",
                "swappable": true,
                "translationalDOF": 3
            },
            "ITQ-29": {
                "bondTypes": [],
                "id": 0,
                "mass": 16177.247999999809,
                "n_bonds": 0,
                "name": "ITQ-29"
            }
        },
        "forceField": {
            "Ewald": {
                "alpha": 0.26505830360350674,
                "kVectors": [
                    7,
                    7,
                    7
                ],
                "precision": 1e-06
            },
            "interactions": [
                {
                    "potential": "Lennard-Jones",
                    "shift [K]": -0.09165246430970038,
                    "tailCorrections": false,
                    "typeA": "O",
                    "typeB": "O",
                    "ε/kʙ [K]": 53.0,
                    "σ/kʙ [Å]": 3.3
                },
                {
                    "potential": "Lennard-Jones",
                    "shift [K]": 0.0,
                    "tailCorrections": false,
                    "typeA": "O",
                    "typeB": "O",
                    "ε/kʙ [K]": 0.0,
                    "σ/kʙ [Å]": 1.65
                },
                {
                    "potential": "Lennard-Jones",
                    "shift [K]": -0.022039405953303906,
                    "tailCorrections": false,
                    "typeA": "O",
                    "typeB": "O",
                    "ε/kʙ [K]": 34.14674215792775,
                    "σ/kʙ [Å]": 2.8
                },
                {
                    "potential": "Lennard-Jones",
                    "shift [K]": 0.0,
                    "tailCorrections": false,
                    "typeA": "O",
                    "typeB": "O",
                    "ε/kʙ [K]": 0.0,
                    "σ/kʙ [Å]": 1.65
                },
                {
                    "potential": "Lennard-Jones",
                    "shift [K]": -0.04066984573939883,
                    "tailCorrections": false,
                    "typeA": "O",
                    "typeB": "O",
                    "ε/kʙ [K]": 39.830252321570846,
                    "σ/kʙ [Å]": 3.0225
                },
                {
                    "potential": "Lennard-Jones",
                    "shift [K]": -0.08959179262189224,
                    "tailCorrections": false,
                    "typeA": "O",
                    "typeB": "O",
                    "ε/kʙ [K]": 67.38369980937526,
                    "σ/kʙ [Å]": 3.1585
                },
                {
                    "potential": "Lennard-Jones",
                    "shift [K]": 0.0,
                    "tailCorrections": false,
                    "typeA": "O",
                    "typeB": "O",
                    "ε/kʙ [K]": 0.0,
                    "σ/kʙ [Å]": 1.65
                },
                {
                    "potential": "Lennard-Jones",
                    "shift [K]": 0.0,
                    "tailCorrections": false,
                    "typeA": "O",
                    "typeB": "O",
                    "ε/kʙ [K]": 0.0,
                    "σ/kʙ [Å]": 1.65
                },
                {
                    "potential": "Lennard-Jones",
                    "shift [K]": 0.0,
                    "tailCorrections": false,
                    "typeA": "O",
                    "typeB": "O",
                    "ε/kʙ [K]": 0.0,
                    "σ/kʙ [Å]": 1.65
                },
                {
                    "potential": "Lennard-Jones",
                    "shift [K]": 0.0,
                    "tailCorrections": false,
                    "typeA": "O",
                    "typeB": "O",
                    "ε/kʙ [K]": 0.0,
                    "σ/kʙ [Å]": 1.65
                },
                {
                    "potential": "Lennard-Jones",
                    "shift [K]": 0.0,
                    "tailCorrections": false,
                    "typeA": "O",
                    "typeB": "O",
                    "ε/kʙ [K]": 0.0,
                    "σ/kʙ [Å]": 1.65
                },
                {
                    "potential": "Lennard-Jones",
                    "shift [K]": -0.22945404337138195,
                    "tailCorrections": false,
                    "typeA": "O",
                    "typeB": "O",
                    "ε/kʙ [K]": 91.65424158215484,
                    "σ/kʙ [Å]": 3.51
                },
                {
                    "potential": "Lennard-Jones",
                    "shift [K]": 0.0,
                    "tailCorrections": false,
                    "typeA": "O",
                    "typeB": "O",
                    "ε/kʙ [K]": 0.0,
                    "σ/kʙ [Å]": 1.65
                },
                {
                    "potential": "Lennard-Jones",
                    "shift [K]": 0.0,
                    "tailCorrections": false,
                    "typeA": "O",
                    "typeB": "O",
                    "ε/kʙ [K]": 0.0,
                    "σ/kʙ [Å]": 1.65
                },
                {
                    "potential": "Lennard-Jones",
                    "shift [K]": 0.0,
                    "tailCorrections": false,
                    "typeA": "O",
                    "typeB": "O",
                    "ε/kʙ [K]": 0.0,
                    "σ/kʙ [Å]": 1.65
                },
                {
                    "potential": "Lennard-Jones",
                    "shift [K]": 0.0,
                    "tailCorrections": false,
                    "typeA": "O",
                    "typeB": "O",
                    "ε/kʙ [K]": 0.0,
                    "σ/kʙ [Å]": 1.65
                },
                {
                    "potential": "Lennard-Jones",
                    "shift [K]": 0.0,
                    "tailCorrections": false,
                    "typeA": "Al",
                    "typeB": "Al",
                    "ε/kʙ [K]": 0.0,
                    "σ/kʙ [Å]": 0.0
                },
                {
                    "potential": "Lennard-Jones",
                    "shift [K]": 0.0,
                    "tailCorrections": false,
                    "typeA": "Al",
                    "typeB": "Al",
                    "ε/kʙ [K]": 0.0,
                    "σ/kʙ [Å]": 1.15
                },
                {
                    "potential": "Lennard-Jones",
                    "shift [K]": 0.0,
                    "tailCorrections": false,
                    "typeA": "Al",
                    "typeB": "Al",
                    "ε/kʙ [K]": 0.0,
                    "σ/kʙ [Å]": 0.0
                },
                {
                    "potential": "Lennard-Jones",
                    "shift [K]": 0.0,
                    "tailCorrections": false,
                    "typeA": "Al",
                    "typeB": "Al",
                    "ε/kʙ [K]": 0.0,
                    "σ/kʙ [Å]": 1.3725
                },
                {
                    "potential": "Lennard-Jones",
                    "shift [K]": 0.0,
                    "tailCorrections": false,
                    "typeA": "Al",
                    "typeB": "Al",
                    "ε/kʙ [K]": 0.0,
                    "σ/kʙ [Å]": 1.5085
                },
                {
                    "potential": "Lennard-Jones",
                    "shift [K]": 0.0,
                    "tailCorrections": false,
                    "typeA": "Al",
                    "typeB": "Al",
                    "ε/kʙ [K]": 0.0,
                    "σ/kʙ [Å]": 0.0
                },
                {
                    "potential": "Lennard-Jones",
                    "shift [K]": 0.0,
                    "tailCorrections": false,
                    "typeA": "Al",
                    "typeB": "Al",
                    "ε/kʙ [K]": 0.0,
                    "σ/kʙ [Å]": 0.0
                },
                {
                    "potential": "Lennard-Jones",
                    "shift [K]": 0.0,
                    "tailCorrections": false,
                    "typeA": "Al",
                    "typeB": "Al",
                    "ε/kʙ [K]": 0.0,
                    "σ/kʙ [Å]": 0.0
                },
                {
                    "potential": "Lennard-Jones",
                    "shift [K]": 0.0,
                    "tailCorrections": false,
                    "typeA": "Al",
                    "typeB": "Al",
                    "ε/kʙ [K]": 0.0,
                    "σ/kʙ [Å]": 0.0
                },
                {
                    "potential": "Lennard-Jones",
                    "shift [K]": 0.0,
                    "tailCorrections": false,
                    "typeA": "Al",
                    "typeB": "Al",
                    "ε/kʙ [K]": 0.0,
                    "σ/kʙ [Å]": 0.0
                },
                {
                    "potential": "Lennard-Jones",
                    "shift [K]": 0.0,
                    "tailCorrections": false,
                    "typeA": "Al",
                    "typeB": "Al",
                    "ε/kʙ [K]": 0.0,
                    "σ/kʙ [Å]": 1.86
                },
                {
                    "potential": "Lennard-Jones",
                    "shift [K]": 0.0,
                    "tailCorrections": false,
                    "typeA": "Al",
                    "typeB": "Al",
                    "ε/kʙ [K]": 0.0,
                    "σ/kʙ [Å]": 0.0
                },
                {
                    "potential": "Lennard-Jones",
                    "shift [K]": 0.0,
                    "tailCorrections": false,
                    "typeA": "Al",
                    "typeB": "Al",
                    "ε/kʙ [K]": 0.0,
                    "σ/kʙ [Å]": 0.0
                },
                {
                    "potential": "Lennard-Jones",
                    "shift [K]": 0.0,
                    "tailCorrections": false,
                    "typeA": "Al",
                    "typeB": "Al",
                    "ε/kʙ [K]": 0.0,
                    "σ/kʙ [Å]": 0.0
                },
                {
                    "potential": "Lennard-Jones",
                    "shift [K]": 0.0,
                    "tailCorrections": false,
                    "typeA": "Al",
                    "typeB": "Al",
                    "ε/kʙ [K]": 0.0,
                    "σ/kʙ [Å]": 0.0
                },
                {
                    "potential": "Lennard-Jones",
                    "shift [K]": -0.004362552641146898,
                    "tailCorrections": false,
                    "typeA": "Si",
                    "typeB": "Si",
                    "ε/kʙ [K]": 22.0,
                    "σ/kʙ [Å]": 2.3
                },
                {
                    "potential": "Lennard-Jones",
                    "shift [K]": 0.0,
                    "tailCorrections": false,
                    "typeA": "Si",
                    "typeB": "Si",
                    "ε/kʙ [K]": 0.0,
                    "σ/kʙ [Å]": 1.15
                },
                {
                    "potential": "Lennard-Jones",
                    "shift [K]": -0.008855407605286284,
                    "tailCorrections": false,
                    "typeA": "Si",
                    "typeB": "Si",
                    "ε/kʙ [K]": 25.661761436035526,
                    "σ/kʙ [Å]": 2.5225
                },
                {
                    "potential": "Lennard-Jones",
                    "shift [K]": -0.020529076412946656,
                    "tailCorrections": false,
                    "typeA": "Si",
                    "typeB": "Si",
                    "ε/kʙ [K]": 43.41384571769702,
                    "σ/kʙ [Å]": 2.6585
                },
                {
                    "potential": "Lennard-Jones",
                    "shift [K]": 0.0,
                    "tailCorrections": false,
                    "typeA": "Si",
                    "typeB": "Si",
                    "ε/kʙ [K]": 0.0,
                    "σ/kʙ [Å]": 1.15
                },
                {
                    "potential": "Lennard-Jones",
                    "shift [K]": 0.0,
                    "tailCorrections": false,
                    "typeA": "Si",
                    "typeB": "Si",
                    "ε/kʙ [K]": 0.0,
                    "σ/kʙ [Å]": 1.15
                },
                {
                    "potential": "Lennard-Jones",
                    "shift [K]": 0.0,
                    "tailCorrections": false,
                    "typeA": "Si",
                    "typeB": "Si",
                    "ε/kʙ [K]": 0.0,
                    "σ/kʙ [Å]": 1.15
                },
                {
                    "potential": "Lennard-Jones",
                    "shift [K]": 0.0,
                    "tailCorrections": false,
                    "typeA": "Si",
                    "typeB": "Si",
                    "ε/kʙ [K]": 0.0,
                    "σ/kʙ [Å]": 1.15
                },
                {
                    "potential": "Lennard-Jones",
                    "shift [K]": 0.0,
                    "tailCorrections": false,
                    "typeA": "Si",
                    "typeB": "Si",
                    "ε/kʙ [K]": 0.0,
                    "σ/kʙ [Å]": 1.15
                },
                {
                    "potential": "Lennard-Jones",
                    "shift [K]": -0.05881515983195495,
                    "tailCorrections": false,
                    "typeA": "Si",
                    "typeB": "Si",
                    "ε/kʙ [K]": 59.0508255657785,
                    "σ/kʙ [Å]": 3.01
                },
                {
                    "potential": "Lennard-Jones",
                    "shift [K]": 0.0,
                    "tailCorrections": false,
                    "typeA": "Si",
                    "typeB": "Si",
                    "ε/kʙ [K]": 0.0,
                    "σ/kʙ [Å]": 1.15
                },
                {
                    "potential": "Lennard-Jones",
                    "shift [K]": 0.0,
                    "tailCorrections": false,
                    "typeA": "Si",
                    "typeB": "Si",
                    "ε/kʙ [K]": 0.0,
                    "σ/kʙ [Å]": 1.15
                },
                {
                    "potential": "Lennard-Jones",
                    "shift [K]": 0.0,
                    "tailCorrections": false,
                    "typeA": "Si",
                    "typeB": "Si",
                    "ε/kʙ [K]": 0.0,
                    "σ/kʙ [Å]": 1.15
                },
                {
                    "potential": "Lennard-Jones",
                    "shift [K]": 0.0,
                    "tailCorrections": false,
                    "typeA": "Si",
                    "typeB": "Si",
                    "ε/kʙ [K]": 0.0,
                    "σ/kʙ [Å]": 1.15
                },
                {
                    "potential": "Lennard-Jones",
                    "shift [K]": 0.0,
                    "tailCorrections": false,
                    "typeA": "He",
                    "typeB": "He",
                    "ε/kʙ [K]": 0.0,
                    "σ/kʙ [Å]": 0.0
                },
                {
                    "potential": "Lennard-Jones",
                    "shift [K]": 0.0,
                    "tailCorrections": false,
                    "typeA": "He",
                    "typeB": "He",
                    "ε/kʙ [K]": 0.0,
                    "σ/kʙ [Å]": 1.3725
                },
                {
                    "potential": "Lennard-Jones",
                    "shift [K]": 0.0,
                    "tailCorrections": false,
                    "typeA": "He",
                    "typeB": "He",
                    "ε/kʙ [K]": 0.0,
                    "σ/kʙ [Å]": 1.5085
                },
                {
                    "potential": "Lennard-Jones",
                    "shift [K]": 0.0,
                    "tailCorrections": false,
                    "typeA": "He",
                    "typeB": "He",
                    "ε/kʙ [K]": 0.0,
                    "σ/kʙ [Å]": 0.0
                },
                {
                    "potential": "Lennard-Jones",
                    "shift [K]": 0.0,
                    "tailCorrections": false,
                    "typeA": "He",
                    "typeB": "He",
                    "ε/kʙ [K]": 0.0,
                    "σ/kʙ [Å]": 0.0
                },
                {
                    "potential": "Lennard-Jones",
                    "shift [K]": 0.0,
                    "tailCorrections": false,
                    "typeA": "He",
                    "typeB": "He",
                    "ε/kʙ [K]": 0.0,
                    "σ/kʙ [Å]": 0.0
                },
                {
                    "potential": "Lennard-Jones",
                    "shift [K]": 0.0,
                    "tailCorrections": false,
                    "typeA": "He",
                    "typeB": "He",
                    "ε/kʙ [K]": 0.0,
                    "σ/kʙ [Å]": 0.0
                },
                {
                    "potential": "Lennard-Jones",
                    "shift [K]": 0.0,
                    "tailCorrections": false,
                    "typeA": "He",
                    "typeB": "He",
                    "ε/kʙ [K]": 0.0,
                    "σ/kʙ [Å]": 0.0
                },
                {
                    "potential": "Lennard-Jones",
                    "shift [K]": 0.0,
                    "tailCorrections": false,
                    "typeA": "He",
                    "typeB": "He",
                    "ε/kʙ [K]": 0.0,
                    "σ/kʙ [Å]": 1.86
                },
                {
                    "potential": "Lennard-Jones",
                    "shift [K]": 0.0,
                    "tailCorrections": false,
                    "typeA": "He",
                    "typeB": "He",
                    "ε/kʙ [K]": 0.0,
                    "σ/kʙ [Å]": 0.0
                },
                {
                    "potential": "Lennard-Jones",
                    "shift [K]": 0.0,
                    "tailCorrections": false,
                    "typeA": "He",
                    "typeB": "He",
                    "ε/kʙ [K]": 0.0,
                    "σ/kʙ [Å]": 0.0
                },
                {
                    "potential": "Lennard-Jones",
                    "shift [K]": 0.0,
                    "tailCorrections": false,
                    "typeA": "He",
                    "typeB": "He",
                    "ε/kʙ [K]": 0.0,
                    "σ/kʙ [Å]": 0.0
                },
                {
                    "potential": "Lennard-Jones",
                    "shift [K]": 0.0,
                    "tailCorrections": false,
                    "typeA": "He",
                    "typeB": "He",
                    "ε/kʙ [K]": 0.0,
                    "σ/kʙ [Å]": 0.0
                },
                {
                    "potential": "Lennard-Jones",
                    "shift [K]": -0.01715199439068579,
                    "tailCorrections": false,
                    "typeA": "C_co2",
                    "typeB": "C_co2",
                    "ε/kʙ [K]": 29.933,
                    "σ/kʙ [Å]": 2.745
                },
                {
                    "potential": "Lennard-Jones",
                    "shift [K]": -0.038782957981496516,
                    "tailCorrections": false,
                    "typeA": "C_co2",
                    "typeB": "C_co2",
                    "ε/kʙ [K]": 50.63980690129061,
                    "σ/kʙ [Å]": 2.8810000000000002
                },
                {
                    "potential": "Lennard-Jones",
                    "shift [K]": 0.0,
                    "tailCorrections": false,
                    "typeA": "C_co2",
                    "typeB": "C_co2",
                    "ε/kʙ [K]": 0.0,
                    "σ/kʙ [Å]": 1.3725
                },
                {
                    "potential": "Lennard-Jones",
                    "shift [K]": 0.0,
                    "tailCorrections": false,
                    "typeA": "C_co2",
                    "typeB": "C_co2",
                    "ε/kʙ [K]": 0.0,
                    "σ/kʙ [Å]": 1.3725
                },
                {
                    "potential": "Lennard-Jones",
                    "shift [K]": 0.0,
                    "tailCorrections": false,
                    "typeA": "C_co2",
                    "typeB": "C_co2",
                    "ε/kʙ [K]": 0.0,
                    "σ/kʙ [Å]": 1.3725
                },
                {
                    "potential": "Lennard-Jones",
                    "shift [K]": 0.0,
                    "tailCorrections": false,
                    "typeA": "C_co2",
                    "typeB": "C_co2",
                    "ε/kʙ [K]": 0.0,
                    "σ/kʙ [Å]": 1.3725
                },
                {
                    "potential": "Lennard-Jones",
                    "shift [K]": 0.0,
                    "tailCorrections": false,
                    "typeA": "C_co2",
                    "typeB": "C_co2",
                    "ε/kʙ [K]": 0.0,
                    "σ/kʙ [Å]": 1.3725
                },
                {
                    "potential": "Lennard-Jones",
                    "shift [K]": -0.10522707769023552,
                    "tailCorrections": false,
                    "typeA": "C_co2",
                    "typeB": "C_co2",
                    "ε/kʙ [K]": 68.87946355772524,
                    "σ/kʙ [Å]": 3.2325
                },
                {
                    "potential": "Lennard-Jones",
                    "shift [K]": 0.0,
                    "tailCorrections": false,
                    "typeA": "C_co2",
                    "typeB": "C_co2",
                    "ε/kʙ [K]": 0.0,
                    "σ/kʙ [Å]": 1.3725
                },
                {
                    "potential": "Lennard-Jones",
                    "shift [K]": 0.0,
                    "tailCorrections": false,
                    "typeA": "C_co2",
                    "typeB": "C_co2",
                    "ε/kʙ [K]": 0.0,
                    "σ/kʙ [Å]": 1.3725
                },
                {
                    "potential": "Lennard-Jones",
                    "shift [K]": 0.0,
                    "tailCorrections": false,
                    "typeA": "C_co2",
                    "typeB": "C_co2",
                    "ε/kʙ [K]": 0.0,
                    "σ/kʙ [Å]": 1.3725
                },
                {
                    "potential": "Lennard-Jones",
                    "shift [K]": 0.0,
                    "tailCorrections": false,
                    "typeA": "C_co2",
                    "typeB": "C_co2",
                    "ε/kʙ [K]": 0.0,
                    "σ/kʙ [Å]": 1.3725
                },
                {
                    "potential": "Lennard-Jones",
                    "shift [K]": -0.08652637573490223,
                    "tailCorrections": false,
                    "typeA": "O_co2",
                    "typeB": "O_co2",
                    "ε/kʙ [K]": 85.671,
                    "σ/kʙ [Å]": 3.017
                },
                {
                    "potential": "Lennard-Jones",
                    "shift [K]": 0.0,
                    "tailCorrections": false,
                    "typeA": "O_co2",
                    "typeB": "O_co2",
                    "ε/kʙ [K]": 0.0,
                    "σ/kʙ [Å]": 1.5085
                },
                {
                    "potential": "Lennard-Jones",
                    "shift [K]": 0.0,
                    "tailCorrections": false,
                    "typeA": "O_co2",
                    "typeB": "O_co2",
                    "ε/kʙ [K]": 0.0,
                    "σ/kʙ [Å]": 1.5085
                },
                {
                    "potential": "Lennard-Jones",
                    "shift [K]": 0.0,
                    "tailCorrections": false,
                    "typeA": "O_co2",
                    "typeB": "O_co2",
                    "ε/kʙ [K]": 0.0,
                    "σ/kʙ [Å]": 1.5085
                },
                {
                    "potential": "Lennard-Jones",
                    "shift [K]": 0.0,
                    "tailCorrections": false,
                    "typeA": "O_co2",
                    "typeB": "O_co2",
                    "ε/kʙ [K]": 0.0,
                    "σ/kʙ [Å]": 1.5085
                },
                {
                    "potential": "Lennard-Jones",
                    "shift [K]": 0.0,
                    "tailCorrections": false,
                    "typeA": "O_co2",
                    "typeB": "O_co2",
                    "ε/kʙ [K]": 0.0,
                    "σ/kʙ [Å]": 1.5085
                },
                {
                    "potential": "Lennard-Jones",
                    "shift [K]": -0.22793490983088277,
                    "tailCorrections": false,
                    "typeA": "O_co2",
                    "typeB": "O_co2",
                    "ε/kʙ [K]": 116.52833775524304,
                    "σ/kʙ [Å]": 3.3685
                },
                {
                    "potential": "Lennard-Jones",
                    "shift [K]": 0.0,
                    "tailCorrections": false,
                    "typeA": "O_co2",
                    "typeB": "O_co2",
                    "ε/kʙ [K]": 0.0,
                    "σ/kʙ [Å]": 1.5085
                },
                {
                    "potential": "Lennard-Jones",
                    "shift [K]": 0.0,
                    "tailCorrections": false,
                    "typeA": "O_co2",
                    "typeB": "O_co2",
                    "ε/kʙ [K]": 0.0,
                    "σ/kʙ [Å]": 1.5085
                },
                {
                    "potential": "Lennard-Jones",
                    "shift [K]": 0.0,
                    "tailCorrections": false,
                    "typeA": "O_co2",
                    "typeB": "O_co2",
                    "ε/kʙ [K]": 0.0,
                    "σ/kʙ [Å]": 1.5085
                },
                {
                    "potential": "Lennard-Jones",
                    "shift [K]": 0.0,
                    "tailCorrections": false,
                    "typeA": "O_co2",
                    "typeB": "O_co2",
                    "ε/kʙ [K]": 0.0,
                    "σ/kʙ [Å]": 1.5085
                },
                {
                    "potential": "Lennard-Jones",
                    "shift [K]": 0.0,
                    "tailCorrections": false,
                    "typeA": "O_o2",
                    "typeB": "O_o2",
                    "ε/kʙ [K]": 0.0,
                    "σ/kʙ [Å]": 0.0
                },
                {
                    "potential": "Lennard-Jones",
                    "shift [K]": 0.0,
                    "tailCorrections": false,
                    "typeA": "O_o2",
                    "typeB": "O_o2",
                    "ε/kʙ [K]": 0.0,
                    "σ/kʙ [Å]": 0.0
                },
                {
                    "potential": "Lennard-Jones",
                    "shift [K]": 0.0,
                    "tailCorrections": false,
                    "typeA": "O_o2",
                    "typeB": "O_o2",
                    "ε/kʙ [K]": 0.0,
                    "σ/kʙ [Å]": 0.0
                },
                {
                    "potential": "Lennard-Jones",
                    "shift [K]": 0.0,
                    "tailCorrections": false,
                    "typeA": "O_o2",
                    "typeB": "O_o2",
                    "ε/kʙ [K]": 0.0,
                    "σ/kʙ [Å]": 0.0
                },
                {
                    "potential": "Lennard-Jones",
                    "shift [K]": 0.0,
                    "tailCorrections": false,
                    "typeA": "O_o2",
                    "typeB": "O_o2",
                    "ε/kʙ [K]": 0.0,
                    "σ/kʙ [Å]": 0.0
                },
                {
                    "potential": "Lennard-Jones",
                    "shift [K]": 0.0,
                    "tailCorrections": false,
                    "typeA": "O_o2",
                    "typeB": "O_o2",
                    "ε/kʙ [K]": 0.0,
                    "σ/kʙ [Å]": 1.86
                },
                {
                    "potential": "Lennard-Jones",
                    "shift [K]": 0.0,
                    "tailCorrections": false,
                    "typeA": "O_o2",
                    "typeB": "O_o2",
                    "ε/kʙ [K]": 0.0,
                    "σ/kʙ [Å]": 0.0
                },
                {
                    "potential": "Lennard-Jones",
                    "shift [K]": 0.0,
                    "tailCorrections": false,
                    "typeA": "O_o2",
                    "typeB": "O_o2",
                    "ε/kʙ [K]": 0.0,
                    "σ/kʙ [Å]": 0.0
                },
                {
                    "potential": "Lennard-Jones",
                    "shift [K]": 0.0,
                    "tailCorrections": false,
                    "typeA": "O_o2",
                    "typeB": "O_o2",
                    "ε/kʙ [K]": 0.0,
                    "σ/kʙ [Å]": 0.0
                },
                {
                    "potential": "Lennard-Jones",
                    "shift [K]": 0.0,
                    "tailCorrections": false,
                    "typeA": "O_o2",
                    "typeB": "O_o2",
                    "ε/kʙ [K]": 0.0,
                    "σ/kʙ [Å]": 0.0
                },
                {
                    "potential": "Lennard-Jones",
                    "shift [K]": 0.0,
                    "tailCorrections": false,
                    "typeA": "O_com",
                    "typeB": "O_com",
                    "ε/kʙ [K]": 0.0,
                    "σ/kʙ [Å]": 0.0
                },
                {
                    "potential": "Lennard-Jones",
                    "shift [K]": 0.0,
                    "tailCorrections": false,
                    "typeA": "O_com",
                    "typeB": "O_com",
                    "ε/kʙ [K]": 0.0,
                    "σ/kʙ [Å]": 0.0
                },
                {
                    "potential": "Lennard-Jones",
                    "shift [K]": 0.0,
                    "tailCorrections": false,
                    "typeA": "O_com",
                    "typeB": "O_com",
                    "ε/kʙ [K]": 0.0,
                    "σ/kʙ [Å]": 0.0
                },
                {
                    "potential": "Lennard-Jones",
                    "shift [K]": 0.0,
                    "tailCorrections": false,
                    "typeA": "O_com",
                    "typeB": "O_com",
                    "ε/kʙ [K]": 0.0,
                    "σ/kʙ [Å]": 0.0
                },
                {
                    "potential": "Lennard-Jones",
                    "shift [K]": 0.0,
                    "tailCorrections": false,
                    "typeA": "O_com",
                    "typeB": "O_com",
                    "ε/kʙ [K]": 0.0,
                    "σ/kʙ [Å]": 1.86
                },
                {
                    "potential": "Lennard-Jones",
                    "shift [K]": 0.0,
                    "tailCorrections": false,
                    "typeA": "O_com",
                    "typeB": "O_com",
                    "ε/kʙ [K]": 0.0,
                    "σ/kʙ [Å]": 0.0
                },
                {
                    "potential": "Lennard-Jones",
                    "shift [K]": 0.0,
                    "tailCorrections": false,
                    "typeA": "O_com",
                    "typeB": "O_com",
                    "ε/kʙ [K]": 0.0,
                    "σ/kʙ [Å]": 0.0
                },
                {
                    "potential": "Lennard-Jones",
                    "shift [K]": 0.0,
                    "tailCorrections": false,
                    "typeA": "O_com",
                    "typeB": "O_com",
                    "ε/kʙ [K]": 0.0,
                    "σ/kʙ [Å]": 0.0
                },
                {
                    "potential": "Lennard-Jones",
                    "shift [K]": 0.0,
                    "tailCorrections": false,
                    "typeA": "O_com",
                    "typeB": "O_com",
                    "ε/kʙ [K]": 0.0,
                    "σ/kʙ [Å]": 0.0
                },
                {
                    "potential": "Lennard-Jones",
                    "shift [K]": 0.0,
                    "tailCorrections": false,
                    "typeA": "N_n2",
                    "typeB": "N_n2",
                    "ε/kʙ [K]": 0.0,
                    "σ/kʙ [Å]": 0.0
                },
                {
                    "potential": "Lennard-Jones",
                    "shift [K]": 0.0,
                    "tailCorrections": false,
                    "typeA": "N_n2",
                    "typeB": "N_n2",
                    "ε/kʙ [K]": 0.0,
                    "σ/kʙ [Å]": 0.0
                },
                {
                    "potential": "Lennard-Jones",
                    "shift [K]": 0.0,
                    "tailCorrections": false,
                    "typeA": "N_n2",
                    "typeB": "N_n2",
                    "ε/kʙ [K]": 0.0,
                    "σ/kʙ [Å]": 0.0
                },
                {
                    "potential": "Lennard-Jones",
                    "shift [K]": 0.0,
                    "tailCorrections": false,
                    "typeA": "N_n2",
                    "typeB": "N_n2",
                    "ε/kʙ [K]": 0.0,
                    "σ/kʙ [Å]": 1.86
                },
                {
                    "potential": "Lennard-Jones",
                    "shift [K]": 0.0,
                    "tailCorrections": false,
                    "typeA": "N_n2",
                    "typeB": "N_n2",
                    "ε/kʙ [K]": 0.0,
                    "σ/kʙ [Å]": 0.0
                },
                {
                    "potential": "Lennard-Jones",
                    "shift [K]": 0.0,
                    "tailCorrections": false,
                    "typeA": "N_n2",
                    "typeB": "N_n2",
                    "ε/kʙ [K]": 0.0,
                    "σ/kʙ [Å]": 0.0
                },
                {
                    "potential": "Lennard-Jones",
                    "shift [K]": 0.0,
                    "tailCorrections": false,
                    "typeA": "N_n2",
                    "typeB": "N_n2",
                    "ε/kʙ [K]": 0.0,
                    "σ/kʙ [Å]": 0.0
                },
                {
                    "potential": "Lennard-Jones",
                    "shift [K]": 0.0,
                    "tailCorrections": false,
                    "typeA": "N_n2",
                    "typeB": "N_n2",
                    "ε/kʙ [K]": 0.0,
                    "σ/kʙ [Å]": 0.0
                },
                {
                    "potential": "Lennard-Jones",
                    "shift [K]": 0.0,
                    "tailCorrections": false,
                    "typeA": "N_com",
                    "typeB": "N_com",
                    "ε/kʙ [K]": 0.0,
                    "σ/kʙ [Å]": 0.0
                },
                {
                    "potential": "Lennard-Jones",
                    "shift [K]": 0.0,
                    "tailCorrections": false,
                    "typeA": "N_com",
                    "typeB": "N_com",
                    "ε/kʙ [K]": 0.0,
                    "σ/kʙ [Å]": 0.0
                },
                {
                    "potential": "Lennard-Jones",
                    "shift [K]": 0.0,
                    "tailCorrections": false,
                    "typeA": "N_com",
                    "typeB": "N_com",
                    "ε/kʙ [K]": 0.0,
                    "σ/kʙ [Å]": 1.86
                },
                {
                    "potential": "Lennard-Jones",
                    "shift [K]": 0.0,
                    "tailCorrections": false,
                    "typeA": "N_com",
                    "typeB": "N_com",
                    "ε/kʙ [K]": 0.0,
                    "σ/kʙ [Å]": 0.0
                },
                {
                    "potential": "Lennard-Jones",
                    "shift [K]": 0.0,
                    "tailCorrections": false,
                    "typeA": "N_com",
                    "typeB": "N_com",
                    "ε/kʙ [K]": 0.0,
                    "σ/kʙ [Å]": 0.0
                },
                {
                    "potential": "Lennard-Jones",
                    "shift [K]": 0.0,
                    "tailCorrections": false,
                    "typeA": "N_com",
                    "typeB": "N_com",
                    "ε/kʙ [K]": 0.0,
                    "σ/kʙ [Å]": 0.0
                },
                {
                    "potential": "Lennard-Jones",
                    "shift [K]": 0.0,
                    "tailCorrections": false,
                    "typeA": "N_com",
                    "typeB": "N_com",
                    "ε/kʙ [K]": 0.0,
                    "σ/kʙ [Å]": 0.0
                },
                {
                    "potential": "Lennard-Jones",
                    "shift [K]": 0.0,
                    "tailCorrections": false,
                    "typeA": "Ar",
                    "typeB": "Ar",
                    "ε/kʙ [K]": 0.0,
                    "σ/kʙ [Å]": 0.0
                },
                {
                    "potential": "Lennard-Jones",
                    "shift [K]": 0.0,
                    "tailCorrections": false,
                    "typeA": "Ar",
                    "typeB": "Ar",
                    "ε/kʙ [K]": 0.0,
                    "σ/kʙ [Å]": 1.86
                },
                {
                    "potential": "Lennard-Jones",
                    "shift [K]": 0.0,
                    "tailCorrections": false,
                    "typeA": "Ar",
                    "typeB": "Ar",
                    "ε/kʙ [K]": 0.0,
                    "σ/kʙ [Å]": 0.0
                },
                {
                    "potential": "Lennard-Jones",
                    "shift [K]": 0.0,
                    "tailCorrections": false,
                    "typeA": "Ar",
                    "typeB": "Ar",
                    "ε/kʙ [K]": 0.0,
                    "σ/kʙ [Å]": 0.0
                },
                {
                    "potential": "Lennard-Jones",
                    "shift [K]": 0.0,
                    "tailCorrections": false,
                    "typeA": "Ar",
                    "typeB": "Ar",
                    "ε/kʙ [K]": 0.0,
                    "σ/kʙ [Å]": 0.0
                },
                {
                    "potential": "Lennard-Jones",
                    "shift [K]": 0.0,
                    "tailCorrections": false,
                    "typeA": "Ar",
                    "typeB": "Ar",
                    "ε/kʙ [K]": 0.0,
                    "σ/kʙ [Å]": 0.0
                },
                {
                    "potential": "Lennard-Jones",
                    "shift [K]": -0.5621779555490783,
                    "tailCorrections": false,
                    "typeA": "CH4",
                    "typeB": "CH4",
                    "ε/kʙ [K]": 158.5,
                    "σ/kʙ [Å]": 3.72
                },
                {
                    "potential": "Lennard-Jones",
                    "shift [K]": 0.0,
                    "tailCorrections": false,
                    "typeA": "CH4",
                    "typeB": "CH4",
                    "ε/kʙ [K]": 0.0,
                    "σ/kʙ [Å]": 1.86
                },
                {
                    "potential": "Lennard-Jones",
                    "shift [K]": 0.0,
                    "tailCorrections": false,
                    "typeA": "CH4",
                    "typeB": "CH4",
                    "ε/kʙ [K]": 0.0,
                    "σ/kʙ [Å]": 1.86
                },
                {
                    "potential": "Lennard-Jones",
                    "shift [K]": 0.0,
                    "tailCorrections": false,
                    "typeA": "CH4",
                    "typeB": "CH4",
                    "ε/kʙ [K]": 0.0,
                    "σ/kʙ [Å]": 1.86
                },
                {
                    "potential": "Lennard-Jones",
                    "shift [K]": 0.0,
                    "tailCorrections": false,
                    "typeA": "CH4",
                    "typeB": "CH4",
                    "ε/kʙ [K]": 0.0,
                    "σ/kʙ [Å]": 1.86
                },
                {
                    "potential": "Lennard-Jones",
                    "shift [K]": 0.0,
                    "tailCorrections": false,
                    "typeA": "CH3",
                    "typeB": "CH3",
                    "ε/kʙ [K]": 0.0,
                    "σ/kʙ [Å]": 0.0
                },
                {
                    "potential": "Lennard-Jones",
                    "shift [K]": 0.0,
                    "tailCorrections": false,
                    "typeA": "CH3",
                    "typeB": "CH3",
                    "ε/kʙ [K]": 0.0,
                    "σ/kʙ [Å]": 0.0
                },
                {
                    "potential": "Lennard-Jones",
                    "shift [K]": 0.0,
                    "tailCorrections": false,
                    "typeA": "CH3",
                    "typeB": "CH3",
                    "ε/kʙ [K]": 0.0,
                    "σ/kʙ [Å]": 0.0
                },
                {
                    "potential": "Lennard-Jones",
                    "shift [K]": 0.0,
                    "tailCorrections": false,
                    "typeA": "CH3",
                    "typeB": "CH3",
                    "ε/kʙ [K]": 0.0,
                    "σ/kʙ [Å]": 0.0
                },
                {
                    "potential": "Lennard-Jones",
                    "shift [K]": 0.0,
                    "tailCorrections": false,
                    "typeA": "CH2",
                    "typeB": "CH2",
                    "ε/kʙ [K]": 0.0,
                    "σ/kʙ [Å]": 0.0
                },
                {
                    "potential": "Lennard-Jones",
                    "shift [K]": 0.0,
                    "tailCorrections": false,
                    "typeA": "CH2",
                    "typeB": "CH2",
                    "ε/kʙ [K]": 0.0,
                    "σ/kʙ [Å]": 0.0
                },
                {
                    "potential": "Lennard-Jones",
                    "shift [K]": 0.0,
                    "tailCorrections": false,
                    "typeA": "CH2",
                    "typeB": "CH2",
                    "ε/kʙ [K]": 0.0,
                    "σ/kʙ [Å]": 0.0
                },
                {
                    "potential": "Lennard-Jones",
                    "shift [K]": 0.0,
                    "tailCorrections": false,
                    "typeA": "CH",
                    "typeB": "CH",
                    "ε/kʙ [K]": 0.0,
                    "σ/kʙ [Å]": 0.0
                },
                {
                    "potential": "Lennard-Jones",
                    "shift [K]": 0.0,
                    "tailCorrections": false,
                    "typeA": "CH",
                    "typeB": "CH",
                    "ε/kʙ [K]": 0.0,
                    "σ/kʙ [Å]": 0.0
                },
                {
                    "potential": "Lennard-Jones",
                    "shift [K]": 0.0,
                    "tailCorrections": false,
                    "typeA": "C",
                    "typeB": "C",
                    "ε/kʙ [K]": 0.0,
                    "σ/kʙ [Å]": 0.0
                }
            ],
            "pseudoAtoms": [
                {
                    "charge": -1.025,
                    "mass": 28.0855,
                    "name": "O",
                    "source": "P. Bai, M. Tsapatsis, J. I. Siepmann, J. Phys. Chem. C 2013, 117, 24375-24387"
                },
                {
                    "charge": 1.75,
                    "mass": 26.98154,
                    "name": "Al",
                    "source": "P. Bai, M. Tsapatsis, J. I. Siepmann, J. Phys. Chem. C 2013, 117, 24375-24387"
                },
                {
                    "charge": 2.05,
                    "mass": 28.0855,
                    "name": "Si",
                    "source": "P. Bai, M. Tsapatsis, J. I. Siepmann, J. Phys. Chem. C 2013, 117, 24375-24387"
                },
                {
                    "charge": 0.0,
                    "mass": 4.002602,
                    "name": "He",
                    "source": "J.O. Hirschfelder et al., Molecular Theory of Gases and Liquids, Wiley, New York, 1954, p. 1114"
                },
                {
                    "charge": 0.6512,
                    "mass": 12.0,
                    "name": "C_co2",
                    "source": "A. Garcia-Sanchez et al., J. Phys. Chem. C 2009, 113, 8814-8820"
                },
                {
                    "charge": -0.3256,
                    "mass": 15.9994,
                    "name": "O_co2",
                    "source": "A. Garcia-Sanchez et al., J. Phys. Chem. C 2009, 113, 8814-8820"
                },
                {
                    "charge": -0.112,
                    "mass": 15.9994,
                    "name": "O_o2",
                    "source": "A. Martin-Calvo et al. , Phys. Chem. Chem. Phys. 2011, 13, 11165-11174"
                },
                {
                    "charge": 0.224,
                    "mass": 0.0,
                    "name": "O_com",
                    "source": "A. Martin-Calvo et al. , Phys. Chem. Chem. Phys. 2011, 13, 11165-11174"
                },
                {
                    "charge": -0.405,
                    "mass": 14.00674,
                    "name": "N_n2",
                    "source": "A. Martin-Calvo et al. , Phys. Chem. Chem. Phys. 2011, 13, 11165-11174"
                },
                {
                    "charge": 0.81,
                    "mass": 0.0,
                    "name": "N_com",
                    "source": "A. Martin-Calvo et al. , Phys. Chem. Chem. Phys. 2011, 13, 11165-11174"
                },
                {
                    "charge": 0.0,
                    "mass": 39.948,
                    "name": "Ar",
                    "source": "A. Martin-Calvo et al. , Phys. Chem. Chem. Phys. 2011, 13, 11165-11174"
                },
                {
                    "charge": 0.0,
                    "mass": 16.04246,
                    "name": "CH4",
                    "source": "M. G. Martin et al., J. Chem. Phys. 2001, 114, 7174-7181"
                },
                {
                    "charge": 0.0,
                    "mass": 15.03452,
                    "name": "CH3",
                    "source": "D. Dubbeldam et al., J. Phys. Chem. B, 108(33), 12301-12313"
                },
                {
                    "charge": 0.0,
                    "mass": 14.02658,
                    "name": "CH2",
                    "source": "D. Dubbeldam et al., J. Phys. Chem. B, 108(33), 12301-12313"
                },
                {
                    "charge": 0.0,
                    "mass": 13.01864,
                    "name": "CH",
                    "source": "D. Dubbeldam et al., J. Phys. Chem. B, 108(33), 12301-12313"
                },
                {
                    "charge": 0.0,
                    "mass": 12.0,
                    "name": "C",
                    "source": "D. Dubbeldam et al., J. Phys. Chem. B, 108(33), 12301-12313"
                }
            ]
        },
        "hardwareInfo": {
            "compile_date": "Aug 17 2024",
            "compile_time": "15:37:29",
            "compiler": "gcc Homebrew Clang 18.1.8",
            "cpu_model": "MacPro7,1",
            "hostname": "MacPro.fritz.box",
            "os_arch": "x86_64",
            "os_release": "23.5.0",
            "os_type": "Darwin",
            "os_version": "23F79",
            "start_date": "Mon, Aug 19",
            "start_time": "11:59:00"
        },
        "initialConditions": {
            "beta": 0.002004538695925443,
            "box": [
                [
                    23.7342,
                    0.0,
                    0.0
                ],
                [
                    1.4533006030161557e-15,
                    23.7342,
                    0.0
                ],
                [
                    1.4533006030161557e-15,
                    1.4533006030161557e-15,
                    23.7342
                ]
            ],
            "boxAngles": [
                90.0,
                90.0,
                90.0
            ],
            "boxLengths": [
                23.7342,
                23.7342,
                23.7342
            ],
            "pressure": 1000000.0,
            "temperature": 600.0
        },
        "reactions": null,
        "units": {
            "Boltzmann constant [-]": 0.8314464919307584,
            "Coulomb potential [K]": 167101.08000665612,
            "Energy to Kelvin [-]": 1.202724284692786,
            "Kelvin to energy [-]": 0.8314457542157568,
            "acceleration [m²/s]": 1.0000000000000002e-08,
            "charge [C/particle]": 1.60217733e-19,
            "dielectric constant [s² C²/(kg m³)]": 1.5458657349975197e-05,
            "diffusion [m²/s]": 1.0000000000000002e-08,
            "dipole moment [C.m]": 1.60217733e-29,
            "electric field [V]": 1036427.222447343,
            "electric potential [V]": 0.00010364272224473431,
            "energy [J]": 1.6605402000000002e-23,
            "force [N]": 1.6605402000000002e-13,
            "length [m]": 1e-10,
            "mass [kg]": 1.6605402e-27,
            "polarizability [-]": 1.5458657349975198e-35,
            "pressure [Pa]": 16605402.0,
            "temperature": "Kelvin",
            "time [s]": 1e-12,
            "velocity [m/s]": 100.0
        }
    },
    "output": {
        "MCMoveStatistics": {
            "CO2": {
                "percentage": {
                    "deletionCBMC": 19.994855,
                    "insertionCBMC": 20.000455,
                    "reinsertionCBMC": 20.01384,
                    "rotation": 19.98702,
                    "translation": 20.00383
                }
            },
            "summedOverAllSystems": {
                "count": {
                    "InsertionDeletionCBCFCMC": 0,
                    "countTotal": 20000000,
                    "deletion": 0,
                    "deletionCBMC": 3998971,
                    "difference": 0,
                    "gibbsSwapCBMC": 0,
                    "gibbsSwapCFCMC": 0,
                    "gibbsVolume": 0,
                    "insertion": 0,
                    "insertionCBMC": 4000091,
                    "insertionDeletionCFCMC": 0,
                    "parallelTemperingSwap": 0,
                    "randomRotation": 0,
                    "randomTranslation": 0,
                    "reinsertionCBMC": 4002768,
                    "rotation": 3997404,
                    "sum": 20000000,
                    "translation": 4000766,
                    "volume": 0,
                    "widomCBCFCMC": 0,
                    "widomCBMC": 0,
                    "widomCFCMC": 0
                },
                "percentage": {
                    "deletionCBMC": 19.994855,
                    "insertionCBMC": 20.000455,
                    "reinsertionCBMC": 20.01384,
                    "rotation": 19.98702,
                    "translation": 20.00383
                }
            },
            "system": {
                "CO2": {
                    "reinsertionCBMC": {
                        "accepted": 1887403.0,
                        "all": 4002768,
                        "constructed": 3106842.0,
                        "fraction": 0.5469774141056424,
                        "maxChange": 0.0,
                        "total": 3450605.0
                    },
                    "rotation": {
                        "accepted": [
                            853732.0,
                            852566.0,
                            854247.0
                        ],
                        "all": 3997404,
                        "constructed": [
                            1146296.0,
                            1146445.0,
                            1146776.0
                        ],
                        "fraction": [
                            0.7434151404746812,
                            0.7423526184951218,
                            0.7436007026474628
                        ],
                        "maxChange": [
                            1.5,
                            1.5,
                            1.5
                        ],
                        "total": [
                            1148392.0,
                            1148465.0,
                            1148798.0
                        ]
                    },
                    "swapDeletionCBMC": {
                        "accepted": 2013117.0,
                        "all": 3998971,
                        "constructed": 3446410.0,
                        "fraction": 0.5034087519014266,
                        "maxChange": 0.0,
                        "total": 3998971.0
                    },
                    "swapInsertionCBMC": {
                        "accepted": 2013116.0,
                        "all": 4000091,
                        "constructed": 3593886.0,
                        "fraction": 0.5032675506632224,
                        "maxChange": 0.0,
                        "total": 4000091.0
                    },
                    "translation": {
                        "accepted": [
                            764996.0,
                            763592.0,
                            764814.0
                        ],
                        "all": 4000766,
                        "constructed": [
                            1138474.0,
                            1139809.0,
                            1139433.0
                        ],
                        "fraction": [
                            0.665908194717797,
                            0.6637892890269335,
                            0.6651915826277544
                        ],
                        "maxChange": [
                            1.5,
                            1.5,
                            1.5
                        ],
                        "total": [
                            1148801.0,
                            1150353.0,
                            1149765.0
                        ]
                    }
                },
                "system": null
            }
        },
        "cpuTimings": {
            "CO2": {
                "deletionCBMC": {
                    "Ewald": 268.47268499316897,
                    "nonEwald": 5217.920625998959,
                    "overhead": 13.468347009265017,
                    "tail": 43.48782000135689,
                    "total": 5543.3494780027495
                },
                "insertionCBMC": {
                    "Ewald": 282.6333949955016,
                    "nonEwald": 5926.6902449984855,
                    "overhead": 18.254398006535666,
                    "tail": 42.54561299912884,
                    "total": 6270.1236509996515
                },
                "reinsertionCBMC": {
                    "Ewald": 284.33681999354053,
                    "nonEwald": 8655.145968999019,
                    "overhead": 14.764554013203451,
                    "total": 8954.247343005763
                },
                "rotation": {
                    "Ewald": 310.1236199961665,
                    "ExternalField-Molecule": 0.39114399999698274,
                    "Framework-Molecule": 1240.2006689889643,
                    "Molecule-Molecule": 9.16303200008021,
                    "overhead": 16.90109102369047,
                    "total": 1576.7795560088985
                },
                "translation": {
                    "Ewald": 308.94438899587897,
                    "ExternalField-Molecule": 0.3883059999974463,
                    "Framework-Molecule": 1246.4298869845136,
                    "Molecule-Molecule": 9.302318000067318,
                    "overhead": 15.953340033537415,
                    "total": 1581.018240013995
                }
            },
            "equilibration": 0.0,
            "initialization": 1211.528827000008,
            "production": 24173.067528999978,
            "summedSystemsAndComponents": {
                "allSummed": 24006.91421403097,
                "deletionCBMC": {
                    "Ewald": 268.47268499316897,
                    "nonEwald": 5217.920625998959,
                    "overhead": 13.468347009265017,
                    "tail": 43.48782000135689,
                    "total": 5543.3494780027495
                },
                "energyPressureSampling": 74.49318600000181,
                "insertionCBMC": {
                    "Ewald": 282.6333949955016,
                    "nonEwald": 5926.6902449984855,
                    "overhead": 18.254398006535666,
                    "tail": 42.54561299912884,
                    "total": 6270.1236509996515
                },
                "overhead": 166.15331496900762,
                "productionSimulationTime": 24173.067528999978,
                "propertySampling": 6.902759999908816,
                "reinsertionCBMC": {
                    "Ewald": 284.33681999354053,
                    "nonEwald": 8655.145968999019,
                    "overhead": 14.764554013203451,
                    "total": 8954.247343005763
                },
                "rotation": {
                    "Ewald": 310.1236199961665,
                    "ExternalField-Molecule": 0.39114399999698274,
                    "Framework-Molecule": 1240.2006689889643,
                    "Molecule-Molecule": 9.16303200008021,
                    "overhead": 16.90109102369047,
                    "total": 1576.7795560088985
                },
                "translation": {
                    "Ewald": 308.94438899587897,
                    "ExternalField-Molecule": 0.3883059999974463,
                    "Framework-Molecule": 1246.4298869845136,
                    "Molecule-Molecule": 9.302318000067318,
                    "overhead": 15.953340033537415,
                    "total": 1581.018240013995
                }
            },
            "system": {
                "energyPressureSampling": 74.49318600000181,
                "propertySampling": 6.902759999908816
            },
            "total": 25384.596355999693
        },
        "drift": {
            "Ewald Fourier [K]": 1.2344338349756153e-08,
            "Ewald exclusion [K]": 2.1458037011238507e-06,
            "Ewald self [K]": -2.1877427292434475e-11,
            "Total potential energy [K]": 2.2752166792882532e-06,
            "Van der Waals (Tail) [K]": 0.0,
            "dU/dlambda Ewald [K]": 0.0,
            "dU/dlambda Real [K]": 0.0,
            "dU/dlambda VDW [K]": 0.0,
            "external field Real [K]": 0.0,
            "external field VDW [K]": 0.0,
            "framework-molecule Rea [K]": 9.666650636298636e-08,
            "framework-molecule VDW [K]": 2.0900053228144965e-08,
            "intra Coulombic [K]": 0.0,
            "intra VDW [K]": 0.0,
            "molecule-molecule Real [K]": -6.997785679066394e-11,
            "molecule-molecule VDW [K]": -4.06064492401916e-10,
            "polarization [K]": 0.0
        },
        "recomputedEnergies": {
            "Ewald Fourier [K]": -681.7825549376669,
            "Ewald exclusion [K]": 31692.205722892682,
            "Ewald self [K]": -31790.383944512927,
            "Total potential energy [K]": -3048.2663027333538,
            "Van der Waals (Tail) [K]": 0.0,
            "dU/dlambda Ewald [K]": 0.0,
            "dU/dlambda Real [K]": 0.0,
            "dU/dlambda VDW [K]": 0.0,
            "external field Real [K]": 0.0,
            "external field VDW [K]": 0.0,
            "framework-molecule Rea [K]": 631.1843975637263,
            "framework-molecule VDW [K]": -2893.112549549909,
            "intra Coulombic [K]": 0.0,
            "intra VDW [K]": 0.0,
            "molecule-molecule Real [K]": 1.0014342087494612,
            "molecule-molecule VDW [K]": -7.378808398008807,
            "polarization [K]": 0.0
        },
        "runningEnergies": {
            "Ewald Fourier [K]": -681.7825549253225,
            "Ewald exclusion [K]": 31692.205725038486,
            "Ewald self [K]": -31790.38394451295,
            "Total potential energy [K]": -3048.266300458136,
            "Van der Waals (Tail) [K]": 0.0,
            "dU/dlambda Ewald [K]": 0.0,
            "dU/dlambda Real [K]": 0.0,
            "dU/dlambda VDW [K]": 0.0,
            "external field Real [K]": 0.0,
            "external field VDW [K]": 0.0,
            "framework-molecule Rea [K]": 631.1843976603927,
            "framework-molecule VDW [K]": -2893.1125495290094,
            "intra Coulombic [K]": 0.0,
            "intra VDW [K]": 0.0,
            "molecule-molecule Real [K]": 1.0014342086794832,
            "molecule-molecule VDW [K]": -7.378808398414871,
            "polarization [K]": 0.0
        }
    },
    "properties": {
        "averageEnergies": {
            "Framework-Molecule": {
                "CO2-ITQ-29": {
                    "coulombFourier": {
                        "block": [
                            -561.20278464198,
                            -565.6837949474126,
                            -560.1031471191736,
                            -564.652504128578,
                            -564.4131976114583
                        ],
                        "confidence": 2.998183231878541,
                        "mean": -563.2110856897206
                    },
                    "coulombReal": {
                        "block": [
                            391.6983997508306,
                            394.99379283000536,
                            387.5450218853115,
                            389.3146440992769,
                            387.8097208887191
                        ],
                        "confidence": 3.8638141533794292,
                        "mean": 390.27231589082874
                    },
                    "tailCorrection": {
                        "block": [
                            0.0,
                            0.0,
                            0.0,
                            0.0,
                            0.0
                        ],
                        "confidence": 0.0,
                        "mean": 0.0
                    },
                    "total": {
                        "block": [
                            -2895.229812942639,
                            -2926.7475578689837,
                            -2894.309193765614,
                            -2926.4786949217028,
                            -2927.7020525220414
                        ],
                        "confidence": 21.910787030925214,
                        "mean": -2914.093462404196
                    },
                    "vanDerWaals": {
                        "block": [
                            -2725.725428051496,
                            -2756.057555751575,
                            -2721.7510685317516,
                            -2751.140834892425,
                            -2751.098575799295
                        ],
                        "confidence": 19.972370008312243,
                        "mean": -2741.154692605309
                    }
                }
            },
            "Molecule-Molecule": {
                "CO2-CO2": {
                    "coulombFourier": {
                        "block": [
                            1.1552016043754052,
                            1.1892484478252912,
                            1.0777504710536896,
                            0.9649770198526698,
                            1.0457228126503444
                        ],
                        "confidence": 0.11066511010647655,
                        "mean": 1.0865800711514801
                    },
                    "coulombReal": {
                        "block": [
                            -7.189523649140815,
                            -5.2838746486682755,
                            -6.26002557579753,
                            -8.208056088414542,
                            -6.90358154324528
                        ],
                        "confidence": 1.350073435357674,
                        "mean": -6.769012301053288
                    },
                    "tailCorrection": {
                        "block": [
                            0.0,
                            0.0,
                            0.0,
                            0.0,
                            0.0
                        ],
                        "confidence": 0.0,
                        "mean": 0.0
                    },
                    "total": {
                        "block": [
                            -57.758103917704624,
                            -56.40531540176799,
                            -55.085211960366074,
                            -60.32223522891412,
                            -56.38443748502892
                        ],
                        "confidence": 2.4695814263485256,
                        "mean": -57.19106079875634
                    },
                    "vanDerWaals": {
                        "block": [
                            -51.72378187293913,
                            -52.31068920092503,
                            -49.902936855622116,
                            -53.07915616035239,
                            -50.52657875443422
                        ],
                        "confidence": 1.6065842883237504,
                        "mean": -51.508628568854576
                    }
                }
            },
            "totalEnergy": {
                "block": [
                    -2924.108864901491,
                    -2954.9502155698774,
                    -2921.851799745781,
                    -2956.639812536171,
                    -2955.8942712645317
                ],
                "confidence": 22.370083007154225,
                "mean": -2942.6889928035707
            }
        },
        "averageEnthalpy": {
            "CO2": {
                "block": [
                    -2136.0538663981656,
                    -2130.7645357798306,
                    -2134.0785195177427,
                    -2135.914128264179,
                    -2140.436200696966
                ],
                "confidence": {
                    "[K]": 4.357382743846929,
                    "[kJ/mol]": 0.03622930596237126
                },
                "mean": {
                    "[K]": -2135.449450131377,
                    "[kJ/mol]": -17.755119539415176
                },
                "warning": "Warning: Recompute value of the total enthalpy of adsorption by hand. Need to subtract the ideal-gas energy"
            }
        },
        "averagePressure": {
            "averagePressureTensor": {
                "confidence": [
                    [
                        46238.972802566575,
                        11920.634113097522,
                        14563.757993987265
                    ],
                    [
                        16246.38253970273,
                        37445.90064567144,
                        25887.891654167015
                    ],
                    [
                        16764.010421234194,
                        32830.64107160375,
                        38805.88420482384
                    ]
                ],
                "mean": [
                    [
                        -89787791.82779436,
                        -5034.0913975390995,
                        2474.4824448982513
                    ],
                    [
                        -3181.0152353828803,
                        -89740722.77692251,
                        9540.679259458575
                    ],
                    [
                        3642.8693701151883,
                        13509.209767689483,
                        -89789584.56936544
                    ]
                ]
            },
            "excessPressure": {
                "block": [
                    -90943324.88607185,
                    -91001617.88290046,
                    -90941489.93361083,
                    -90986623.48826207,
                    -90998331.47572227
                ],
                "confidence": 36783.846412996914,
                "mean": -90974277.53331348
            },
            "idealGasPressure": {
                "block": [
                    1197698.4952760404,
                    1198454.4068363209,
                    1199761.7620758114,
                    1205517.8427273815,
                    1206456.5361813314
                ],
                "confidence": 5097.139197998605,
                "mean": 1201577.8086193772
            },
            "pressure": {
                "block": [
                    -89745626.39079581,
                    -89803163.47606413,
                    -89741728.17153503,
                    -89781105.6455347,
                    -89791874.93954094
                ],
                "confidence": 34329.3174952142,
                "mean": -89772699.7246941
            }
        }
    },
    "seed": 2466400864,
    "version": "3.0.0"
}