{
    "initialization": {
        "components": {
            "CO2": {
                "acentricFactor": 0.22394,
                "bondTypes": [],
                "cbmcStartingBead": 0,
                "criticalPressure": 7377300.0,
                "criticalTemperature": 304.1282,
                "diagonalizedInertiaVector": [
                    42.2448477588,
                    42.2448477588,
                    0.0
                ],
                "fugacityCoefficient": 1.0,
                "id": 0,
                "mass": 43.9988,
                "molFraction": 1.0,
                "moveProbabilities": {
                    "Gibbs Swap-move (CBMC) probability": 0.0,
                    "Gibbs Swap-move (CFCMC) probability": 0.0,
                    "Gibbs Swap-move (CFCMC/CBMC) probability": 0.0,
                    "Gibbs Volume-move probability": 0.0,
                    "Identity-change (CBMC) probability": 0.0,
                    "Parallel Tempering Swap": 0.0,
                    "Random rotation-move probability": 0.0,
                    "Random translation-move probability": 0.0,
                    "Reinsertion (CBMC) probability": 0.2,
                    "Rotation-move probability": 0.2,
                    "Swap-move (CBMC) probability": 0.4,
                    "Swap-move (CFCMC) probability": 0.0,
                    "Swap-move (CFCMC/CBMC) probability": 0.0,
                    "Translation-move probability": 0.2,
                    "Volume-move probability": 0.0,
                    "Widom (CFCMC) probability": 0.0,
                    "Widom (CFCMC/CBMC) probability": 0.0,
                    "Widom probability": 0.0
                },
                "n_atoms": 3,
                "n_bonds": 0,
                "name": "CO2",
                "netCharge": 0.0,
                "rotationalDOF": 2,
                "shape": "linear",
                "swappable": true,
                "translationalDOF": 3
            },
            "ITQ-29": {
                "bondTypes": [],
                "id": 0,
                "mass": 16177.247999999809,
                "n_bonds": 0,
                "name": "ITQ-29"
            }
        },
        "forceField": {
            "Ewald": {
                "alpha": 0.26505830360350674,
                "kVectors": [
                    7,
                    7,
                    7
                ],
                "precision": 1e-06
            },
            "interactions": [
                {
                    "potential": "Lennard-Jones",
                    "shift [K]": -0.09165246430970038,
                    "tailCorrections": false,
                    "typeA": "O",
                    "typeB": "O",
                    "ε/kʙ [K]": 53.0,
                    "σ/kʙ [Å]": 3.3
                },
                {
                    "potential": "Lennard-Jones",
                    "shift [K]": 0.0,
                    "tailCorrections": false,
                    "typeA": "O",
                    "typeB": "O",
                    "ε/kʙ [K]": 0.0,
                    "σ/kʙ [Å]": 1.65
                },
                {
                    "potential": "Lennard-Jones",
                    "shift [K]": -0.022039405953303906,
                    "tailCorrections": false,
                    "typeA": "O",
                    "typeB": "O",
                    "ε/kʙ [K]": 34.14674215792775,
                    "σ/kʙ [Å]": 2.8
                },
                {
                    "potential": "Lennard-Jones",
                    "shift [K]": 0.0,
                    "tailCorrections": false,
                    "typeA": "O",
                    "typeB": "O",
                    "ε/kʙ [K]": 0.0,
                    "σ/kʙ [Å]": 1.65
                },
                {
                    "potential": "Lennard-Jones",
                    "shift [K]": -0.04066984573939883,
                    "tailCorrections": false,
                    "typeA": "O",
                    "typeB": "O",
                    "ε/kʙ [K]": 39.830252321570846,
                    "σ/kʙ [Å]": 3.0225
                },
                {
                    "potential": "Lennard-Jones",
                    "shift [K]": -0.08959179262189224,
                    "tailCorrections": false,
                    "typeA": "O",
                    "typeB": "O",
                    "ε/kʙ [K]": 67.38369980937526,
                    "σ/kʙ [Å]": 3.1585
                },
                {
                    "potential": "Lennard-Jones",
                    "shift [K]": 0.0,
                    "tailCorrections": false,
                    "typeA": "O",
                    "typeB": "O",
                    "ε/kʙ [K]": 0.0,
                    "σ/kʙ [Å]": 1.65
                },
                {
                    "potential": "Lennard-Jones",
                    "shift [K]": 0.0,
                    "tailCorrections": false,
                    "typeA": "O",
                    "typeB": "O",
                    "ε/kʙ [K]": 0.0,
                    "σ/kʙ [Å]": 1.65
                },
                {
                    "potential": "Lennard-Jones",
                    "shift [K]": 0.0,
                    "tailCorrections": false,
                    "typeA": "O",
                    "typeB": "O",
                    "ε/kʙ [K]": 0.0,
                    "σ/kʙ [Å]": 1.65
                },
                {
                    "potential": "Lennard-Jones",
                    "shift [K]": 0.0,
                    "tailCorrections": false,
                    "typeA": "O",
                    "typeB": "O",
                    "ε/kʙ [K]": 0.0,
                    "σ/kʙ [Å]": 1.65
                },
                {
                    "potential": "Lennard-Jones",
                    "shift [K]": 0.0,
                    "tailCorrections": false,
                    "typeA": "O",
                    "typeB": "O",
                    "ε/kʙ [K]": 0.0,
                    "σ/kʙ [Å]": 1.65
                },
                {
                    "potential": "Lennard-Jones",
                    "shift [K]": -0.22945404337138195,
                    "tailCorrections": false,
                    "typeA": "O",
                    "typeB": "O",
                    "ε/kʙ [K]": 91.65424158215484,
                    "σ/kʙ [Å]": 3.51
                },
                {
                    "potential": "Lennard-Jones",
                    "shift [K]": 0.0,
                    "tailCorrections": false,
                    "typeA": "O",
                    "typeB": "O",
                    "ε/kʙ [K]": 0.0,
                    "σ/kʙ [Å]": 1.65
                },
                {
                    "potential": "Lennard-Jones",
                    "shift [K]": 0.0,
                    "tailCorrections": false,
                    "typeA": "O",
                    "typeB": "O",
                    "ε/kʙ [K]": 0.0,
                    "σ/kʙ [Å]": 1.65
                },
                {
                    "potential": "Lennard-Jones",
                    "shift [K]": 0.0,
                    "tailCorrections": false,
                    "typeA": "O",
                    "typeB": "O",
                    "ε/kʙ [K]": 0.0,
                    "σ/kʙ [Å]": 1.65
                },
                {
                    "potential": "Lennard-Jones",
                    "shift [K]": 0.0,
                    "tailCorrections": false,
                    "typeA": "O",
                    "typeB": "O",
                    "ε/kʙ [K]": 0.0,
                    "σ/kʙ [Å]": 1.65
                },
                {
                    "potential": "Lennard-Jones",
                    "shift [K]": 0.0,
                    "tailCorrections": false,
                    "typeA": "Al",
                    "typeB": "Al",
                    "ε/kʙ [K]": 0.0,
                    "σ/kʙ [Å]": 0.0
                },
                {
                    "potential": "Lennard-Jones",
                    "shift [K]": 0.0,
                    "tailCorrections": false,
                    "typeA": "Al",
                    "typeB": "Al",
                    "ε/kʙ [K]": 0.0,
                    "σ/kʙ [Å]": 1.15
                },
                {
                    "potential": "Lennard-Jones",
                    "shift [K]": 0.0,
                    "tailCorrections": false,
                    "typeA": "Al",
                    "typeB": "Al",
                    "ε/kʙ [K]": 0.0,
                    "σ/kʙ [Å]": 0.0
                },
                {
                    "potential": "Lennard-Jones",
                    "shift [K]": 0.0,
                    "tailCorrections": false,
                    "typeA": "Al",
                    "typeB": "Al",
                    "ε/kʙ [K]": 0.0,
                    "σ/kʙ [Å]": 1.3725
                },
                {
                    "potential": "Lennard-Jones",
                    "shift [K]": 0.0,
                    "tailCorrections": false,
                    "typeA": "Al",
                    "typeB": "Al",
                    "ε/kʙ [K]": 0.0,
                    "σ/kʙ [Å]": 1.5085
                },
                {
                    "potential": "Lennard-Jones",
                    "shift [K]": 0.0,
                    "tailCorrections": false,
                    "typeA": "Al",
                    "typeB": "Al",
                    "ε/kʙ [K]": 0.0,
                    "σ/kʙ [Å]": 0.0
                },
                {
                    "potential": "Lennard-Jones",
                    "shift [K]": 0.0,
                    "tailCorrections": false,
                    "typeA": "Al",
                    "typeB": "Al",
                    "ε/kʙ [K]": 0.0,
                    "σ/kʙ [Å]": 0.0
                },
                {
                    "potential": "Lennard-Jones",
                    "shift [K]": 0.0,
                    "tailCorrections": false,
                    "typeA": "Al",
                    "typeB": "Al",
                    "ε/kʙ [K]": 0.0,
                    "σ/kʙ [Å]": 0.0
                },
                {
                    "potential": "Lennard-Jones",
                    "shift [K]": 0.0,
                    "tailCorrections": false,
                    "typeA": "Al",
                    "typeB": "Al",
                    "ε/kʙ [K]": 0.0,
                    "σ/kʙ [Å]": 0.0
                },
                {
                    "potential": "Lennard-Jones",
                    "shift [K]": 0.0,
                    "tailCorrections": false,
                    "typeA": "Al",
                    "typeB": "Al",
                    "ε/kʙ [K]": 0.0,
                    "σ/kʙ [Å]": 0.0
                },
                {
                    "potential": "Lennard-Jones",
                    "shift [K]": 0.0,
                    "tailCorrections": false,
                    "typeA": "Al",
                    "typeB": "Al",
                    "ε/kʙ [K]": 0.0,
                    "σ/kʙ [Å]": 1.86
                },
                {
                    "potential": "Lennard-Jones",
                    "shift [K]": 0.0,
                    "tailCorrections": false,
                    "typeA": "Al",
                    "typeB": "Al",
                    "ε/kʙ [K]": 0.0,
                    "σ/kʙ [Å]": 0.0
                },
                {
                    "potential": "Lennard-Jones",
                    "shift [K]": 0.0,
                    "tailCorrections": false,
                    "typeA": "Al",
                    "typeB": "Al",
                    "ε/kʙ [K]": 0.0,
                    "σ/kʙ [Å]": 0.0
                },
                {
                    "potential": "Lennard-Jones",
                    "shift [K]": 0.0,
                    "tailCorrections": false,
                    "typeA": "Al",
                    "typeB": "Al",
                    "ε/kʙ [K]": 0.0,
                    "σ/kʙ [Å]": 0.0
                },
                {
                    "potential": "Lennard-Jones",
                    "shift [K]": 0.0,
                    "tailCorrections": false,
                    "typeA": "Al",
                    "typeB": "Al",
                    "ε/kʙ [K]": 0.0,
                    "σ/kʙ [Å]": 0.0
                },
                {
                    "potential": "Lennard-Jones",
                    "shift [K]": -0.004362552641146898,
                    "tailCorrections": false,
                    "typeA": "Si",
                    "typeB": "Si",
                    "ε/kʙ [K]": 22.0,
                    "σ/kʙ [Å]": 2.3
                },
                {
                    "potential": "Lennard-Jones",
                    "shift [K]": 0.0,
                    "tailCorrections": false,
                    "typeA": "Si",
                    "typeB": "Si",
                    "ε/kʙ [K]": 0.0,
                    "σ/kʙ [Å]": 1.15
                },
                {
                    "potential": "Lennard-Jones",
                    "shift [K]": -0.008855407605286284,
                    "tailCorrections": false,
                    "typeA": "Si",
                    "typeB": "Si",
                    "ε/kʙ [K]": 25.661761436035526,
                    "σ/kʙ [Å]": 2.5225
                },
                {
                    "potential": "Lennard-Jones",
                    "shift [K]": -0.020529076412946656,
                    "tailCorrections": false,
                    "typeA": "Si",
                    "typeB": "Si",
                    "ε/kʙ [K]": 43.41384571769702,
                    "σ/kʙ [Å]": 2.6585
                },
                {
                    "potential": "Lennard-Jones",
                    "shift [K]": 0.0,
                    "tailCorrections": false,
                    "typeA": "Si",
                    "typeB": "Si",
                    "ε/kʙ [K]": 0.0,
                    "σ/kʙ [Å]": 1.15
                },
                {
                    "potential": "Lennard-Jones",
                    "shift [K]": 0.0,
                    "tailCorrections": false,
                    "typeA": "Si",
                    "typeB": "Si",
                    "ε/kʙ [K]": 0.0,
                    "σ/kʙ [Å]": 1.15
                },
                {
                    "potential": "Lennard-Jones",
                    "shift [K]": 0.0,
                    "tailCorrections": false,
                    "typeA": "Si",
                    "typeB": "Si",
                    "ε/kʙ [K]": 0.0,
                    "σ/kʙ [Å]": 1.15
                },
                {
                    "potential": "Lennard-Jones",
                    "shift [K]": 0.0,
                    "tailCorrections": false,
                    "typeA": "Si",
                    "typeB": "Si",
                    "ε/kʙ [K]": 0.0,
                    "σ/kʙ [Å]": 1.15
                },
                {
                    "potential": "Lennard-Jones",
                    "shift [K]": 0.0,
                    "tailCorrections": false,
                    "typeA": "Si",
                    "typeB": "Si",
                    "ε/kʙ [K]": 0.0,
                    "σ/kʙ [Å]": 1.15
                },
                {
                    "potential": "Lennard-Jones",
                    "shift [K]": -0.05881515983195495,
                    "tailCorrections": false,
                    "typeA": "Si",
                    "typeB": "Si",
                    "ε/kʙ [K]": 59.0508255657785,
                    "σ/kʙ [Å]": 3.01
                },
                {
                    "potential": "Lennard-Jones",
                    "shift [K]": 0.0,
                    "tailCorrections": false,
                    "typeA": "Si",
                    "typeB": "Si",
                    "ε/kʙ [K]": 0.0,
                    "σ/kʙ [Å]": 1.15
                },
                {
                    "potential": "Lennard-Jones",
                    "shift [K]": 0.0,
                    "tailCorrections": false,
                    "typeA": "Si",
                    "typeB": "Si",
                    "ε/kʙ [K]": 0.0,
                    "σ/kʙ [Å]": 1.15
                },
                {
                    "potential": "Lennard-Jones",
                    "shift [K]": 0.0,
                    "tailCorrections": false,
                    "typeA": "Si",
                    "typeB": "Si",
                    "ε/kʙ [K]": 0.0,
                    "σ/kʙ [Å]": 1.15
                },
                {
                    "potential": "Lennard-Jones",
                    "shift [K]": 0.0,
                    "tailCorrections": false,
                    "typeA": "Si",
                    "typeB": "Si",
                    "ε/kʙ [K]": 0.0,
                    "σ/kʙ [Å]": 1.15
                },
                {
                    "potential": "Lennard-Jones",
                    "shift [K]": 0.0,
                    "tailCorrections": false,
                    "typeA": "He",
                    "typeB": "He",
                    "ε/kʙ [K]": 0.0,
                    "σ/kʙ [Å]": 0.0
                },
                {
                    "potential": "Lennard-Jones",
                    "shift [K]": 0.0,
                    "tailCorrections": false,
                    "typeA": "He",
                    "typeB": "He",
                    "ε/kʙ [K]": 0.0,
                    "σ/kʙ [Å]": 1.3725
                },
                {
                    "potential": "Lennard-Jones",
                    "shift [K]": 0.0,
                    "tailCorrections": false,
                    "typeA": "He",
                    "typeB": "He",
                    "ε/kʙ [K]": 0.0,
                    "σ/kʙ [Å]": 1.5085
                },
                {
                    "potential": "Lennard-Jones",
                    "shift [K]": 0.0,
                    "tailCorrections": false,
                    "typeA": "He",
                    "typeB": "He",
                    "ε/kʙ [K]": 0.0,
                    "σ/kʙ [Å]": 0.0
                },
                {
                    "potential": "Lennard-Jones",
                    "shift [K]": 0.0,
                    "tailCorrections": false,
                    "typeA": "He",
                    "typeB": "He",
                    "ε/kʙ [K]": 0.0,
                    "σ/kʙ [Å]": 0.0
                },
                {
                    "potential": "Lennard-Jones",
                    "shift [K]": 0.0,
                    "tailCorrections": false,
                    "typeA": "He",
                    "typeB": "He",
                    "ε/kʙ [K]": 0.0,
                    "σ/kʙ [Å]": 0.0
                },
                {
                    "potential": "Lennard-Jones",
                    "shift [K]": 0.0,
                    "tailCorrections": false,
                    "typeA": "He",
                    "typeB": "He",
                    "ε/kʙ [K]": 0.0,
                    "σ/kʙ [Å]": 0.0
                },
                {
                    "potential": "Lennard-Jones",
                    "shift [K]": 0.0,
                    "tailCorrections": false,
                    "typeA": "He",
                    "typeB": "He",
                    "ε/kʙ [K]": 0.0,
                    "σ/kʙ [Å]": 0.0
                },
                {
                    "potential": "Lennard-Jones",
                    "shift [K]": 0.0,
                    "tailCorrections": false,
                    "typeA": "He",
                    "typeB": "He",
                    "ε/kʙ [K]": 0.0,
                    "σ/kʙ [Å]": 1.86
                },
                {
                    "potential": "Lennard-Jones",
                    "shift [K]": 0.0,
                    "tailCorrections": false,
                    "typeA": "He",
                    "typeB": "He",
                    "ε/kʙ [K]": 0.0,
                    "σ/kʙ [Å]": 0.0
                },
                {
                    "potential": "Lennard-Jones",
                    "shift [K]": 0.0,
                    "tailCorrections": false,
                    "typeA": "He",
                    "typeB": "He",
                    "ε/kʙ [K]": 0.0,
                    "σ/kʙ [Å]": 0.0
                },
                {
                    "potential": "Lennard-Jones",
                    "shift [K]": 0.0,
                    "tailCorrections": false,
                    "typeA": "He",
                    "typeB": "He",
                    "ε/kʙ [K]": 0.0,
                    "σ/kʙ [Å]": 0.0
                },
                {
                    "potential": "Lennard-Jones",
                    "shift [K]": 0.0,
                    "tailCorrections": false,
                    "typeA": "He",
                    "typeB": "He",
                    "ε/kʙ [K]": 0.0,
                    "σ/kʙ [Å]": 0.0
                },
                {
                    "potential": "Lennard-Jones",
                    "shift [K]": -0.01715199439068579,
                    "tailCorrections": false,
                    "typeA": "C_co2",
                    "typeB": "C_co2",
                    "ε/kʙ [K]": 29.933,
                    "σ/kʙ [Å]": 2.745
                },
                {
                    "potential": "Lennard-Jones",
                    "shift [K]": -0.038782957981496516,
                    "tailCorrections": false,
                    "typeA": "C_co2",
                    "typeB": "C_co2",
                    "ε/kʙ [K]": 50.63980690129061,
                    "σ/kʙ [Å]": 2.8810000000000002
                },
                {
                    "potential": "Lennard-Jones",
                    "shift [K]": 0.0,
                    "tailCorrections": false,
                    "typeA": "C_co2",
                    "typeB": "C_co2",
                    "ε/kʙ [K]": 0.0,
                    "σ/kʙ [Å]": 1.3725
                },
                {
                    "potential": "Lennard-Jones",
                    "shift [K]": 0.0,
                    "tailCorrections": false,
                    "typeA": "C_co2",
                    "typeB": "C_co2",
                    "ε/kʙ [K]": 0.0,
                    "σ/kʙ [Å]": 1.3725
                },
                {
                    "potential": "Lennard-Jones",
                    "shift [K]": 0.0,
                    "tailCorrections": false,
                    "typeA": "C_co2",
                    "typeB": "C_co2",
                    "ε/kʙ [K]": 0.0,
                    "σ/kʙ [Å]": 1.3725
                },
                {
                    "potential": "Lennard-Jones",
                    "shift [K]": 0.0,
                    "tailCorrections": false,
                    "typeA": "C_co2",
                    "typeB": "C_co2",
                    "ε/kʙ [K]": 0.0,
                    "σ/kʙ [Å]": 1.3725
                },
                {
                    "potential": "Lennard-Jones",
                    "shift [K]": 0.0,
                    "tailCorrections": false,
                    "typeA": "C_co2",
                    "typeB": "C_co2",
                    "ε/kʙ [K]": 0.0,
                    "σ/kʙ [Å]": 1.3725
                },
                {
                    "potential": "Lennard-Jones",
                    "shift [K]": -0.10522707769023552,
                    "tailCorrections": false,
                    "typeA": "C_co2",
                    "typeB": "C_co2",
                    "ε/kʙ [K]": 68.87946355772524,
                    "σ/kʙ [Å]": 3.2325
                },
                {
                    "potential": "Lennard-Jones",
                    "shift [K]": 0.0,
                    "tailCorrections": false,
                    "typeA": "C_co2",
                    "typeB": "C_co2",
                    "ε/kʙ [K]": 0.0,
                    "σ/kʙ [Å]": 1.3725
                },
                {
                    "potential": "Lennard-Jones",
                    "shift [K]": 0.0,
                    "tailCorrections": false,
                    "typeA": "C_co2",
                    "typeB": "C_co2",
                    "ε/kʙ [K]": 0.0,
                    "σ/kʙ [Å]": 1.3725
                },
                {
                    "potential": "Lennard-Jones",
                    "shift [K]": 0.0,
                    "tailCorrections": false,
                    "typeA": "C_co2",
                    "typeB": "C_co2",
                    "ε/kʙ [K]": 0.0,
                    "σ/kʙ [Å]": 1.3725
                },
                {
                    "potential": "Lennard-Jones",
                    "shift [K]": 0.0,
                    "tailCorrections": false,
                    "typeA": "C_co2",
                    "typeB": "C_co2",
                    "ε/kʙ [K]": 0.0,
                    "σ/kʙ [Å]": 1.3725
                },
                {
                    "potential": "Lennard-Jones",
                    "shift [K]": -0.08652637573490223,
                    "tailCorrections": false,
                    "typeA": "O_co2",
                    "typeB": "O_co2",
                    "ε/kʙ [K]": 85.671,
                    "σ/kʙ [Å]": 3.017
                },
                {
                    "potential": "Lennard-Jones",
                    "shift [K]": 0.0,
                    "tailCorrections": false,
                    "typeA": "O_co2",
                    "typeB": "O_co2",
                    "ε/kʙ [K]": 0.0,
                    "σ/kʙ [Å]": 1.5085
                },
                {
                    "potential": "Lennard-Jones",
                    "shift [K]": 0.0,
                    "tailCorrections": false,
                    "typeA": "O_co2",
                    "typeB": "O_co2",
                    "ε/kʙ [K]": 0.0,
                    "σ/kʙ [Å]": 1.5085
                },
                {
                    "potential": "Lennard-Jones",
                    "shift [K]": 0.0,
                    "tailCorrections": false,
                    "typeA": "O_co2",
                    "typeB": "O_co2",
                    "ε/kʙ [K]": 0.0,
                    "σ/kʙ [Å]": 1.5085
                },
                {
                    "potential": "Lennard-Jones",
                    "shift [K]": 0.0,
                    "tailCorrections": false,
                    "typeA": "O_co2",
                    "typeB": "O_co2",
                    "ε/kʙ [K]": 0.0,
                    "σ/kʙ [Å]": 1.5085
                },
                {
                    "potential": "Lennard-Jones",
                    "shift [K]": 0.0,
                    "tailCorrections": false,
                    "typeA": "O_co2",
                    "typeB": "O_co2",
                    "ε/kʙ [K]": 0.0,
                    "σ/kʙ [Å]": 1.5085
                },
                {
                    "potential": "Lennard-Jones",
                    "shift [K]": -0.22793490983088277,
                    "tailCorrections": false,
                    "typeA": "O_co2",
                    "typeB": "O_co2",
                    "ε/kʙ [K]": 116.52833775524304,
                    "σ/kʙ [Å]": 3.3685
                },
                {
                    "potential": "Lennard-Jones",
                    "shift [K]": 0.0,
                    "tailCorrections": false,
                    "typeA": "O_co2",
                    "typeB": "O_co2",
                    "ε/kʙ [K]": 0.0,
                    "σ/kʙ [Å]": 1.5085
                },
                {
                    "potential": "Lennard-Jones",
                    "shift [K]": 0.0,
                    "tailCorrections": false,
                    "typeA": "O_co2",
                    "typeB": "O_co2",
                    "ε/kʙ [K]": 0.0,
                    "σ/kʙ [Å]": 1.5085
                },
                {
                    "potential": "Lennard-Jones",
                    "shift [K]": 0.0,
                    "tailCorrections": false,
                    "typeA": "O_co2",
                    "typeB": "O_co2",
                    "ε/kʙ [K]": 0.0,
                    "σ/kʙ [Å]": 1.5085
                },
                {
                    "potential": "Lennard-Jones",
                    "shift [K]": 0.0,
                    "tailCorrections": false,
                    "typeA": "O_co2",
                    "typeB": "O_co2",
                    "ε/kʙ [K]": 0.0,
                    "σ/kʙ [Å]": 1.5085
                },
                {
                    "potential": "Lennard-Jones",
                    "shift [K]": 0.0,
                    "tailCorrections": false,
                    "typeA": "O_o2",
                    "typeB": "O_o2",
                    "ε/kʙ [K]": 0.0,
                    "σ/kʙ [Å]": 0.0
                },
                {
                    "potential": "Lennard-Jones",
                    "shift [K]": 0.0,
                    "tailCorrections": false,
                    "typeA": "O_o2",
                    "typeB": "O_o2",
                    "ε/kʙ [K]": 0.0,
                    "σ/kʙ [Å]": 0.0
                },
                {
                    "potential": "Lennard-Jones",
                    "shift [K]": 0.0,
                    "tailCorrections": false,
                    "typeA": "O_o2",
                    "typeB": "O_o2",
                    "ε/kʙ [K]": 0.0,
                    "σ/kʙ [Å]": 0.0
                },
                {
                    "potential": "Lennard-Jones",
                    "shift [K]": 0.0,
                    "tailCorrections": false,
                    "typeA": "O_o2",
                    "typeB": "O_o2",
                    "ε/kʙ [K]": 0.0,
                    "σ/kʙ [Å]": 0.0
                },
                {
                    "potential": "Lennard-Jones",
                    "shift [K]": 0.0,
                    "tailCorrections": false,
                    "typeA": "O_o2",
                    "typeB": "O_o2",
                    "ε/kʙ [K]": 0.0,
                    "σ/kʙ [Å]": 0.0
                },
                {
                    "potential": "Lennard-Jones",
                    "shift [K]": 0.0,
                    "tailCorrections": false,
                    "typeA": "O_o2",
                    "typeB": "O_o2",
                    "ε/kʙ [K]": 0.0,
                    "σ/kʙ [Å]": 1.86
                },
                {
                    "potential": "Lennard-Jones",
                    "shift [K]": 0.0,
                    "tailCorrections": false,
                    "typeA": "O_o2",
                    "typeB": "O_o2",
                    "ε/kʙ [K]": 0.0,
                    "σ/kʙ [Å]": 0.0
                },
                {
                    "potential": "Lennard-Jones",
                    "shift [K]": 0.0,
                    "tailCorrections": false,
                    "typeA": "O_o2",
                    "typeB": "O_o2",
                    "ε/kʙ [K]": 0.0,
                    "σ/kʙ [Å]": 0.0
                },
                {
                    "potential": "Lennard-Jones",
                    "shift [K]": 0.0,
                    "tailCorrections": false,
                    "typeA": "O_o2",
                    "typeB": "O_o2",
                    "ε/kʙ [K]": 0.0,
                    "σ/kʙ [Å]": 0.0
                },
                {
                    "potential": "Lennard-Jones",
                    "shift [K]": 0.0,
                    "tailCorrections": false,
                    "typeA": "O_o2",
                    "typeB": "O_o2",
                    "ε/kʙ [K]": 0.0,
                    "σ/kʙ [Å]": 0.0
                },
                {
                    "potential": "Lennard-Jones",
                    "shift [K]": 0.0,
                    "tailCorrections": false,
                    "typeA": "O_com",
                    "typeB": "O_com",
                    "ε/kʙ [K]": 0.0,
                    "σ/kʙ [Å]": 0.0
                },
                {
                    "potential": "Lennard-Jones",
                    "shift [K]": 0.0,
                    "tailCorrections": false,
                    "typeA": "O_com",
                    "typeB": "O_com",
                    "ε/kʙ [K]": 0.0,
                    "σ/kʙ [Å]": 0.0
                },
                {
                    "potential": "Lennard-Jones",
                    "shift [K]": 0.0,
                    "tailCorrections": false,
                    "typeA": "O_com",
                    "typeB": "O_com",
                    "ε/kʙ [K]": 0.0,
                    "σ/kʙ [Å]": 0.0
                },
                {
                    "potential": "Lennard-Jones",
                    "shift [K]": 0.0,
                    "tailCorrections": false,
                    "typeA": "O_com",
                    "typeB": "O_com",
                    "ε/kʙ [K]": 0.0,
                    "σ/kʙ [Å]": 0.0
                },
                {
                    "potential": "Lennard-Jones",
                    "shift [K]": 0.0,
                    "tailCorrections": false,
                    "typeA": "O_com",
                    "typeB": "O_com",
                    "ε/kʙ [K]": 0.0,
                    "σ/kʙ [Å]": 1.86
                },
                {
                    "potential": "Lennard-Jones",
                    "shift [K]": 0.0,
                    "tailCorrections": false,
                    "typeA": "O_com",
                    "typeB": "O_com",
                    "ε/kʙ [K]": 0.0,
                    "σ/kʙ [Å]": 0.0
                },
                {
                    "potential": "Lennard-Jones",
                    "shift [K]": 0.0,
                    "tailCorrections": false,
                    "typeA": "O_com",
                    "typeB": "O_com",
                    "ε/kʙ [K]": 0.0,
                    "σ/kʙ [Å]": 0.0
                },
                {
                    "potential": "Lennard-Jones",
                    "shift [K]": 0.0,
                    "tailCorrections": false,
                    "typeA": "O_com",
                    "typeB": "O_com",
                    "ε/kʙ [K]": 0.0,
                    "σ/kʙ [Å]": 0.0
                },
                {
                    "potential": "Lennard-Jones",
                    "shift [K]": 0.0,
                    "tailCorrections": false,
                    "typeA": "O_com",
                    "typeB": "O_com",
                    "ε/kʙ [K]": 0.0,
                    "σ/kʙ [Å]": 0.0
                },
                {
                    "potential": "Lennard-Jones",
                    "shift [K]": 0.0,
                    "tailCorrections": false,
                    "typeA": "N_n2",
                    "typeB": "N_n2",
                    "ε/kʙ [K]": 0.0,
                    "σ/kʙ [Å]": 0.0
                },
                {
                    "potential": "Lennard-Jones",
                    "shift [K]": 0.0,
                    "tailCorrections": false,
                    "typeA": "N_n2",
                    "typeB": "N_n2",
                    "ε/kʙ [K]": 0.0,
                    "σ/kʙ [Å]": 0.0
                },
                {
                    "potential": "Lennard-Jones",
                    "shift [K]": 0.0,
                    "tailCorrections": false,
                    "typeA": "N_n2",
                    "typeB": "N_n2",
                    "ε/kʙ [K]": 0.0,
                    "σ/kʙ [Å]": 0.0
                },
                {
                    "potential": "Lennard-Jones",
                    "shift [K]": 0.0,
                    "tailCorrections": false,
                    "typeA": "N_n2",
                    "typeB": "N_n2",
                    "ε/kʙ [K]": 0.0,
                    "σ/kʙ [Å]": 1.86
                },
                {
                    "potential": "Lennard-Jones",
                    "shift [K]": 0.0,
                    "tailCorrections": false,
                    "typeA": "N_n2",
                    "typeB": "N_n2",
                    "ε/kʙ [K]": 0.0,
                    "σ/kʙ [Å]": 0.0
                },
                {
                    "potential": "Lennard-Jones",
                    "shift [K]": 0.0,
                    "tailCorrections": false,
                    "typeA": "N_n2",
                    "typeB": "N_n2",
                    "ε/kʙ [K]": 0.0,
                    "σ/kʙ [Å]": 0.0
                },
                {
                    "potential": "Lennard-Jones",
                    "shift [K]": 0.0,
                    "tailCorrections": false,
                    "typeA": "N_n2",
                    "typeB": "N_n2",
                    "ε/kʙ [K]": 0.0,
                    "σ/kʙ [Å]": 0.0
                },
                {
                    "potential": "Lennard-Jones",
                    "shift [K]": 0.0,
                    "tailCorrections": false,
                    "typeA": "N_n2",
                    "typeB": "N_n2",
                    "ε/kʙ [K]": 0.0,
                    "σ/kʙ [Å]": 0.0
                },
                {
                    "potential": "Lennard-Jones",
                    "shift [K]": 0.0,
                    "tailCorrections": false,
                    "typeA": "N_com",
                    "typeB": "N_com",
                    "ε/kʙ [K]": 0.0,
                    "σ/kʙ [Å]": 0.0
                },
                {
                    "potential": "Lennard-Jones",
                    "shift [K]": 0.0,
                    "tailCorrections": false,
                    "typeA": "N_com",
                    "typeB": "N_com",
                    "ε/kʙ [K]": 0.0,
                    "σ/kʙ [Å]": 0.0
                },
                {
                    "potential": "Lennard-Jones",
                    "shift [K]": 0.0,
                    "tailCorrections": false,
                    "typeA": "N_com",
                    "typeB": "N_com",
                    "ε/kʙ [K]": 0.0,
                    "σ/kʙ [Å]": 1.86
                },
                {
                    "potential": "Lennard-Jones",
                    "shift [K]": 0.0,
                    "tailCorrections": false,
                    "typeA": "N_com",
                    "typeB": "N_com",
                    "ε/kʙ [K]": 0.0,
                    "σ/kʙ [Å]": 0.0
                },
                {
                    "potential": "Lennard-Jones",
                    "shift [K]": 0.0,
                    "tailCorrections": false,
                    "typeA": "N_com",
                    "typeB": "N_com",
                    "ε/kʙ [K]": 0.0,
                    "σ/kʙ [Å]": 0.0
                },
                {
                    "potential": "Lennard-Jones",
                    "shift [K]": 0.0,
                    "tailCorrections": false,
                    "typeA": "N_com",
                    "typeB": "N_com",
                    "ε/kʙ [K]": 0.0,
                    "σ/kʙ [Å]": 0.0
                },
                {
                    "potential": "Lennard-Jones",
                    "shift [K]": 0.0,
                    "tailCorrections": false,
                    "typeA": "N_com",
                    "typeB": "N_com",
                    "ε/kʙ [K]": 0.0,
                    "σ/kʙ [Å]": 0.0
                },
                {
                    "potential": "Lennard-Jones",
                    "shift [K]": 0.0,
                    "tailCorrections": false,
                    "typeA": "Ar",
                    "typeB": "Ar",
                    "ε/kʙ [K]": 0.0,
                    "σ/kʙ [Å]": 0.0
                },
                {
                    "potential": "Lennard-Jones",
                    "shift [K]": 0.0,
                    "tailCorrections": false,
                    "typeA": "Ar",
                    "typeB": "Ar",
                    "ε/kʙ [K]": 0.0,
                    "σ/kʙ [Å]": 1.86
                },
                {
                    "potential": "Lennard-Jones",
                    "shift [K]": 0.0,
                    "tailCorrections": false,
                    "typeA": "Ar",
                    "typeB": "Ar",
                    "ε/kʙ [K]": 0.0,
                    "σ/kʙ [Å]": 0.0
                },
                {
                    "potential": "Lennard-Jones",
                    "shift [K]": 0.0,
                    "tailCorrections": false,
                    "typeA": "Ar",
                    "typeB": "Ar",
                    "ε/kʙ [K]": 0.0,
                    "σ/kʙ [Å]": 0.0
                },
                {
                    "potential": "Lennard-Jones",
                    "shift [K]": 0.0,
                    "tailCorrections": false,
                    "typeA": "Ar",
                    "typeB": "Ar",
                    "ε/kʙ [K]": 0.0,
                    "σ/kʙ [Å]": 0.0
                },
                {
                    "potential": "Lennard-Jones",
                    "shift [K]": 0.0,
                    "tailCorrections": false,
                    "typeA": "Ar",
                    "typeB": "Ar",
                    "ε/kʙ [K]": 0.0,
                    "σ/kʙ [Å]": 0.0
                },
                {
                    "potential": "Lennard-Jones",
                    "shift [K]": -0.5621779555490783,
                    "tailCorrections": false,
                    "typeA": "CH4",
                    "typeB": "CH4",
                    "ε/kʙ [K]": 158.5,
                    "σ/kʙ [Å]": 3.72
                },
                {
                    "potential": "Lennard-Jones",
                    "shift [K]": 0.0,
                    "tailCorrections": false,
                    "typeA": "CH4",
                    "typeB": "CH4",
                    "ε/kʙ [K]": 0.0,
                    "σ/kʙ [Å]": 1.86
                },
                {
                    "potential": "Lennard-Jones",
                    "shift [K]": 0.0,
                    "tailCorrections": false,
                    "typeA": "CH4",
                    "typeB": "CH4",
                    "ε/kʙ [K]": 0.0,
                    "σ/kʙ [Å]": 1.86
                },
                {
                    "potential": "Lennard-Jones",
                    "shift [K]": 0.0,
                    "tailCorrections": false,
                    "typeA": "CH4",
                    "typeB": "CH4",
                    "ε/kʙ [K]": 0.0,
                    "σ/kʙ [Å]": 1.86
                },
                {
                    "potential": "Lennard-Jones",
                    "shift [K]": 0.0,
                    "tailCorrections": false,
                    "typeA": "CH4",
                    "typeB": "CH4",
                    "ε/kʙ [K]": 0.0,
                    "σ/kʙ [Å]": 1.86
                },
                {
                    "potential": "Lennard-Jones",
                    "shift [K]": 0.0,
                    "tailCorrections": false,
                    "typeA": "CH3",
                    "typeB": "CH3",
                    "ε/kʙ [K]": 0.0,
                    "σ/kʙ [Å]": 0.0
                },
                {
                    "potential": "Lennard-Jones",
                    "shift [K]": 0.0,
                    "tailCorrections": false,
                    "typeA": "CH3",
                    "typeB": "CH3",
                    "ε/kʙ [K]": 0.0,
                    "σ/kʙ [Å]": 0.0
                },
                {
                    "potential": "Lennard-Jones",
                    "shift [K]": 0.0,
                    "tailCorrections": false,
                    "typeA": "CH3",
                    "typeB": "CH3",
                    "ε/kʙ [K]": 0.0,
                    "σ/kʙ [Å]": 0.0
                },
                {
                    "potential": "Lennard-Jones",
                    "shift [K]": 0.0,
                    "tailCorrections": false,
                    "typeA": "CH3",
                    "typeB": "CH3",
                    "ε/kʙ [K]": 0.0,
                    "σ/kʙ [Å]": 0.0
                },
                {
                    "potential": "Lennard-Jones",
                    "shift [K]": 0.0,
                    "tailCorrections": false,
                    "typeA": "CH2",
                    "typeB": "CH2",
                    "ε/kʙ [K]": 0.0,
                    "σ/kʙ [Å]": 0.0
                },
                {
                    "potential": "Lennard-Jones",
                    "shift [K]": 0.0,
                    "tailCorrections": false,
                    "typeA": "CH2",
                    "typeB": "CH2",
                    "ε/kʙ [K]": 0.0,
                    "σ/kʙ [Å]": 0.0
                },
                {
                    "potential": "Lennard-Jones",
                    "shift [K]": 0.0,
                    "tailCorrections": false,
                    "typeA": "CH2",
                    "typeB": "CH2",
                    "ε/kʙ [K]": 0.0,
                    "σ/kʙ [Å]": 0.0
                },
                {
                    "potential": "Lennard-Jones",
                    "shift [K]": 0.0,
                    "tailCorrections": false,
                    "typeA": "CH",
                    "typeB": "CH",
                    "ε/kʙ [K]": 0.0,
                    "σ/kʙ [Å]": 0.0
                },
                {
                    "potential": "Lennard-Jones",
                    "shift [K]": 0.0,
                    "tailCorrections": false,
                    "typeA": "CH",
                    "typeB": "CH",
                    "ε/kʙ [K]": 0.0,
                    "σ/kʙ [Å]": 0.0
                },
                {
                    "potential": "Lennard-Jones",
                    "shift [K]": 0.0,
                    "tailCorrections": false,
                    "typeA": "C",
                    "typeB": "C",
                    "ε/kʙ [K]": 0.0,
                    "σ/kʙ [Å]": 0.0
                }
            ],
            "pseudoAtoms": [
                {
                    "charge": -1.025,
                    "mass": 28.0855,
                    "name": "O",
                    "source": "P. Bai, M. Tsapatsis, J. I. Siepmann, J. Phys. Chem. C 2013, 117, 24375-24387"
                },
                {
                    "charge": 1.75,
                    "mass": 26.98154,
                    "name": "Al",
                    "source": "P. Bai, M. Tsapatsis, J. I. Siepmann, J. Phys. Chem. C 2013, 117, 24375-24387"
                },
                {
                    "charge": 2.05,
                    "mass": 28.0855,
                    "name": "Si",
                    "source": "P. Bai, M. Tsapatsis, J. I. Siepmann, J. Phys. Chem. C 2013, 117, 24375-24387"
                },
                {
                    "charge": 0.0,
                    "mass": 4.002602,
                    "name": "He",
                    "source": "J.O. Hirschfelder et al., Molecular Theory of Gases and Liquids, Wiley, New York, 1954, p. 1114"
                },
                {
                    "charge": 0.6512,
                    "mass": 12.0,
                    "name": "C_co2",
                    "source": "A. Garcia-Sanchez et al., J. Phys. Chem. C 2009, 113, 8814-8820"
                },
                {
                    "charge": -0.3256,
                    "mass": 15.9994,
                    "name": "O_co2",
                    "source": "A. Garcia-Sanchez et al., J. Phys. Chem. C 2009, 113, 8814-8820"
                },
                {
                    "charge": -0.112,
                    "mass": 15.9994,
                    "name": "O_o2",
                    "source": "A. Martin-Calvo et al. , Phys. Chem. Chem. Phys. 2011, 13, 11165-11174"
                },
                {
                    "charge": 0.224,
                    "mass": 0.0,
                    "name": "O_com",
                    "source": "A. Martin-Calvo et al. , Phys. Chem. Chem. Phys. 2011, 13, 11165-11174"
                },
                {
                    "charge": -0.405,
                    "mass": 14.00674,
                    "name": "N_n2",
                    "source": "A. Martin-Calvo et al. , Phys. Chem. Chem. Phys. 2011, 13, 11165-11174"
                },
                {
                    "charge": 0.81,
                    "mass": 0.0,
                    "name": "N_com",
                    "source": "A. Martin-Calvo et al. , Phys. Chem. Chem. Phys. 2011, 13, 11165-11174"
                },
                {
                    "charge": 0.0,
                    "mass": 39.948,
                    "name": "Ar",
                    "source": "A. Martin-Calvo et al. , Phys. Chem. Chem. Phys. 2011, 13, 11165-11174"
                },
                {
                    "charge": 0.0,
                    "mass": 16.04246,
                    "name": "CH4",
                    "source": "M. G. Martin et al., J. Chem. Phys. 2001, 114, 7174-7181"
                },
                {
                    "charge": 0.0,
                    "mass": 15.03452,
                    "name": "CH3",
                    "source": "D. Dubbeldam et al., J. Phys. Chem. B, 108(33), 12301-12313"
                },
                {
                    "charge": 0.0,
                    "mass": 14.02658,
                    "name": "CH2",
                    "source": "D. Dubbeldam et al., J. Phys. Chem. B, 108(33), 12301-12313"
                },
                {
                    "charge": 0.0,
                    "mass": 13.01864,
                    "name": "CH",
                    "source": "D. Dubbeldam et al., J. Phys. Chem. B, 108(33), 12301-12313"
                },
                {
                    "charge": 0.0,
                    "mass": 12.0,
                    "name": "C",
                    "source": "D. Dubbeldam et al., J. Phys. Chem. B, 108(33), 12301-12313"
                }
            ]
        },
        "hardwareInfo": {
            "compile_date": "Aug 17 2024",
            "compile_time": "15:37:29",
            "compiler": "gcc Homebrew Clang 18.1.8",
            "cpu_model": "MacPro7,1",
            "hostname": "MacPro.fritz.box",
            "os_arch": "x86_64",
            "os_release": "23.5.0",
            "os_type": "Darwin",
            "os_version": "23F79",
            "start_date": "Mon, Aug 19",
            "start_time": "11:59:00"
        },
        "initialConditions": {
            "beta": 0.002004538695925443,
            "box": [
                [
                    23.7342,
                    0.0,
                    0.0
                ],
                [
                    1.4533006030161557e-15,
                    23.7342,
                    0.0
                ],
                [
                    1.4533006030161557e-15,
                    1.4533006030161557e-15,
                    23.7342
                ]
            ],
            "boxAngles": [
                90.0,
                90.0,
                90.0
            ],
            "boxLengths": [
                23.7342,
                23.7342,
                23.7342
            ],
            "pressure": 1000.0,
            "temperature": 600.0
        },
        "reactions": null,
        "units": {
            "Boltzmann constant [-]": 0.8314464919307584,
            "Coulomb potential [K]": 167101.08000665612,
            "Energy to Kelvin [-]": 1.202724284692786,
            "Kelvin to energy [-]": 0.8314457542157568,
            "acceleration [m²/s]": 1.0000000000000002e-08,
            "charge [C/particle]": 1.60217733e-19,
            "dielectric constant [s² C²/(kg m³)]": 1.5458657349975197e-05,
            "diffusion [m²/s]": 1.0000000000000002e-08,
            "dipole moment [C.m]": 1.60217733e-29,
            "electric field [V]": 1036427.222447343,
            "electric potential [V]": 0.00010364272224473431,
            "energy [J]": 1.6605402000000002e-23,
            "force [N]": 1.6605402000000002e-13,
            "length [m]": 1e-10,
            "mass [kg]": 1.6605402e-27,
            "polarizability [-]": 1.5458657349975198e-35,
            "pressure [Pa]": 16605402.0,
            "temperature": "Kelvin",
            "time [s]": 1e-12,
            "velocity [m/s]": 100.0
        }
    },
    "output": {
        "MCMoveStatistics": {
            "CO2": {
                "percentage": {
                    "deletionCBMC": 19.99915,
                    "insertionCBMC": 20.006555,
                    "reinsertionCBMC": 19.98083,
                    "rotation": 20.004635,
                    "translation": 20.00883
                }
            },
            "summedOverAllSystems": {
                "count": {
                    "InsertionDeletionCBCFCMC": 0,
                    "countTotal": 20000000,
                    "deletion": 0,
                    "deletionCBMC": 3999830,
                    "difference": 0,
                    "gibbsSwapCBMC": 0,
                    "gibbsSwapCFCMC": 0,
                    "gibbsVolume": 0,
                    "insertion": 0,
                    "insertionCBMC": 4001311,
                    "insertionDeletionCFCMC": 0,
                    "parallelTemperingSwap": 0,
                    "randomRotation": 0,
                    "randomTranslation": 0,
                    "reinsertionCBMC": 3996166,
                    "rotation": 4000927,
                    "sum": 20000000,
                    "translation": 4001766,
                    "volume": 0,
                    "widomCBCFCMC": 0,
                    "widomCBMC": 0,
                    "widomCFCMC": 0
                },
                "percentage": {
                    "deletionCBMC": 19.99915,
                    "insertionCBMC": 20.006555,
                    "reinsertionCBMC": 19.98083,
                    "rotation": 20.004635,
                    "translation": 20.00883
                }
            },
            "system": {
                "CO2": {
                    "reinsertionCBMC": {
                        "accepted": 4580.0,
                        "all": 3996166,
                        "constructed": 7346.0,
                        "fraction": 0.5634842519685039,
                        "maxChange": 0.0,
                        "total": 8128.0
                    },
                    "rotation": {
                        "accepted": [
                            2051.0,
                            1982.0,
                            2003.0
                        ],
                        "all": 4000927,
                        "constructed": [
                            2686.0,
                            2639.0,
                            2639.0
                        ],
                        "fraction": [
                            0.76273707698029,
                            0.7499054105183504,
                            0.7587121212121212
                        ],
                        "maxChange": [
                            1.5,
                            1.5,
                            1.5
                        ],
                        "total": [
                            2689.0,
                            2643.0,
                            2640.0
                        ]
                    },
                    "swapDeletionCBMC": {
                        "accepted": 7966.0,
                        "all": 3999830,
                        "constructed": 7984.0,
                        "fraction": 0.0019915846423472997,
                        "maxChange": 0.0,
                        "total": 3999830.0
                    },
                    "swapInsertionCBMC": {
                        "accepted": 7966.0,
                        "all": 4001311,
                        "constructed": 3615930.0,
                        "fraction": 0.001990847499731963,
                        "maxChange": 0.0,
                        "total": 4001311.0
                    },
                    "translation": {
                        "accepted": [
                            1824.0,
                            1809.0,
                            1882.0
                        ],
                        "all": 4001766,
                        "constructed": [
                            2676.0,
                            2589.0,
                            2713.0
                        ],
                        "fraction": [
                            0.6780669144981413,
                            0.6915137614678899,
                            0.6886205634833517
                        ],
                        "maxChange": [
                            1.5,
                            1.5,
                            1.5
                        ],
                        "total": [
                            2690.0,
                            2616.0,
                            2733.0
                        ]
                    }
                },
                "system": null
            }
        },
        "cpuTimings": {
            "CO2": {
                "deletionCBMC": {
                    "Ewald": 0.6702749999999491,
                    "nonEwald": 13.574215000000024,
                    "overhead": 0.5315409999144567,
                    "tail": 0.11446499999998695,
                    "total": 14.890495999914416
                },
                "insertionCBMC": {
                    "Ewald": 315.30106499491586,
                    "nonEwald": 6591.331667998679,
                    "overhead": 5.522970008011725,
                    "tail": 47.311205997974774,
                    "total": 6959.466908999581
                },
                "reinsertionCBMC": {
                    "Ewald": 0.8206429999999955,
                    "nonEwald": 23.04755799999991,
                    "overhead": 0.3187330000265547,
                    "total": 24.18693400002646
                },
                "rotation": {
                    "Ewald": 0.8414800000000066,
                    "ExternalField-Molecule": 0.0008210000000000132,
                    "Framework-Molecule": 3.510540000000114,
                    "Molecule-Molecule": 0.0019759999999999396,
                    "overhead": 0.2747270000117057,
                    "total": 4.629544000011826
                },
                "translation": {
                    "Ewald": 0.8038730000000083,
                    "ExternalField-Molecule": 0.0008210000000000131,
                    "Framework-Molecule": 3.2876880000000934,
                    "Molecule-Molecule": 0.002067999999999952,
                    "overhead": 0.3132130000114861,
                    "total": 4.4076630000115875
                }
            },
            "equilibration": 0.0,
            "initialization": 206.95864799999626,
            "production": 7037.068313000502,
            "summedSystemsAndComponents": {
                "allSummed": 7026.652359999541,
                "deletionCBMC": {
                    "Ewald": 0.6702749999999491,
                    "nonEwald": 13.574215000000024,
                    "overhead": 0.5315409999144567,
                    "tail": 0.11446499999998695,
                    "total": 14.890495999914416
                },
                "energyPressureSampling": 12.988489999998057,
                "insertionCBMC": {
                    "Ewald": 315.30106499491586,
                    "nonEwald": 6591.331667998679,
                    "overhead": 5.522970008011725,
                    "tail": 47.311205997974774,
                    "total": 6959.466908999581
                },
                "overhead": 10.415953000961053,
                "productionSimulationTime": 7037.068313000502,
                "propertySampling": 6.0823239999966106,
                "reinsertionCBMC": {
                    "Ewald": 0.8206429999999955,
                    "nonEwald": 23.04755799999991,
                    "overhead": 0.3187330000265547,
                    "total": 24.18693400002646
                },
                "rotation": {
                    "Ewald": 0.8414800000000066,
                    "ExternalField-Molecule": 0.0008210000000000132,
                    "Framework-Molecule": 3.510540000000114,
                    "Molecule-Molecule": 0.0019759999999999396,
                    "overhead": 0.2747270000117057,
                    "total": 4.629544000011826
                },
                "translation": {
                    "Ewald": 0.8038730000000083,
                    "ExternalField-Molecule": 0.0008210000000000131,
                    "Framework-Molecule": 3.2876880000000934,
                    "Molecule-Molecule": 0.002067999999999952,
                    "overhead": 0.3132130000114861,
                    "total": 4.4076630000115875
                }
            },
            "system": {
                "energyPressureSampling": 12.988489999998057,
                "propertySampling": 6.0823239999966106
            },
            "total": 7244.026961000396
        },
        "drift": {
            "Ewald Fourier [K]": -1.3210680844333998e-09,
            "Ewald exclusion [K]": 6.9810870490158414e-09,
            "Ewald self [K]": 0.0,
            "Total potential energy [K]": 6.716186077874897e-09,
            "Van der Waals (Tail) [K]": 0.0,
            "dU/dlambda Ewald [K]": 0.0,
            "dU/dlambda Real [K]": 0.0,
            "dU/dlambda VDW [K]": 0.0,
            "external field Real [K]": 0.0,
            "external field VDW [K]": 0.0,
            "framework-molecule Rea [K]": 9.828434211126187e-10,
            "framework-molecule VDW [K]": 7.32893814296555e-11,
            "intra Coulombic [K]": 0.0,
            "intra VDW [K]": 0.0,
            "molecule-molecule Real [K]": -3.408959241209859e-14,
            "molecule-molecule VDW [K]": 6.840034259368628e-14,
            "polarization [K]": 0.0
        },
        "recomputedEnergies": {
            "Ewald Fourier [K]": 1.1586121223516043e-13,
            "Ewald exclusion [K]": 0.0,
            "Ewald self [K]": 0.0,
            "Total potential energy [K]": 1.1586121223516043e-13,
            "Van der Waals (Tail) [K]": 0.0,
            "dU/dlambda Ewald [K]": 0.0,
            "dU/dlambda Real [K]": 0.0,
            "dU/dlambda VDW [K]": 0.0,
            "external field Real [K]": 0.0,
            "external field VDW [K]": 0.0,
            "framework-molecule Rea [K]": 0.0,
            "framework-molecule VDW [K]": 0.0,
            "intra Coulombic [K]": 0.0,
            "intra VDW [K]": 0.0,
            "molecule-molecule Real [K]": 0.0,
            "molecule-molecule VDW [K]": 0.0,
            "polarization [K]": 0.0
        },
        "runningEnergies": {
            "Ewald Fourier [K]": -1.3209522232211648e-09,
            "Ewald exclusion [K]": 6.9810870490158414e-09,
            "Ewald self [K]": 0.0,
            "Total potential energy [K]": 6.716301939087133e-09,
            "Van der Waals (Tail) [K]": 0.0,
            "dU/dlambda Ewald [K]": 0.0,
            "dU/dlambda Real [K]": 0.0,
            "dU/dlambda VDW [K]": 0.0,
            "external field Real [K]": 0.0,
            "external field VDW [K]": 0.0,
            "framework-molecule Rea [K]": 9.828434211126187e-10,
            "framework-molecule VDW [K]": 7.32893814296555e-11,
            "intra Coulombic [K]": 0.0,
            "intra VDW [K]": 0.0,
            "molecule-molecule Real [K]": -3.408959241209859e-14,
            "molecule-molecule VDW [K]": 6.840034259368628e-14,
            "polarization [K]": 0.0
        }
    },
    "properties": {
        "averageEnergies": {
            "Framework-Molecule": {
                "CO2-ITQ-29": {
                    "coulombFourier": {
                        "block": [
                            -0.7008930437724843,
                            -0.7029203654840899,
                            -0.5285286931209161,
                            -0.4144236500968059,
                            -0.42718956022315346
                        ],
                        "confidence": 0.1755289903981125,
                        "mean": -0.5547910625394898
                    },
                    "coulombReal": {
                        "block": [
                            0.4031855503381451,
                            0.5185192539257816,
                            0.4450947302666096,
                            0.3750293794209938,
                            0.18782421931236046
                        ],
                        "confidence": 0.15298612999741093,
                        "mean": 0.38593062665277805
                    },
                    "tailCorrection": {
                        "block": [
                            0.0,
                            0.0,
                            0.0,
                            0.0,
                            0.0
                        ],
                        "confidence": 0.0,
                        "mean": 0.0
                    },
                    "total": {
                        "block": [
                            -3.733938277084135,
                            -3.1312110023910233,
                            -2.1994447348880684,
                            -2.335975100389528,
                            -2.7464926444468705
                        ],
                        "confidence": 0.7744156336636978,
                        "mean": -2.8294123518399257
                    },
                    "vanDerWaals": {
                        "block": [
                            -3.4362307836497963,
                            -2.946809890832715,
                            -2.1160107720337615,
                            -2.2965808297137165,
                            -2.507127303536078
                        ],
                        "confidence": 0.661643878087741,
                        "mean": -2.6605519159532136
                    }
                }
            },
            "Molecule-Molecule": {
                "CO2-CO2": {
                    "coulombFourier": {
                        "block": [
                            2.155485033439076e-05,
                            -4.267214436760364e-05,
                            1.4329105191150215e-05,
                            -1.1691284066969724e-05,
                            5.7611886355835985e-06
                        ],
                        "confidence": 3.182350269351586e-05,
                        "mean": -2.5436568546897566e-06
                    },
                    "coulombReal": {
                        "block": [
                            0.0,
                            0.0,
                            0.0,
                            0.0,
                            0.0
                        ],
                        "confidence": 0.0,
                        "mean": 0.0
                    },
                    "tailCorrection": {
                        "block": [
                            0.0,
                            0.0,
                            0.0,
                            0.0,
                            0.0
                        ],
                        "confidence": 0.0,
                        "mean": 0.0
                    },
                    "total": {
                        "block": [
                            2.155485033439076e-05,
                            -4.267214436760364e-05,
                            1.4329105191150215e-05,
                            -1.1691284066969724e-05,
                            5.7611886355835985e-06
                        ],
                        "confidence": 3.182350269351586e-05,
                        "mean": -2.5436568546897566e-06
                    },
                    "vanDerWaals": {
                        "block": [
                            0.0,
                            0.0,
                            0.0,
                            0.0,
                            0.0
                        ],
                        "confidence": 0.0,
                        "mean": 0.0
                    }
                }
            },
            "totalEnergy": {
                "block": [
                    -3.7339274996589675,
                    -3.131232338463208,
                    -2.1994375703354723,
                    -2.335980946031562,
                    -2.746489763852553
                ],
                "confidence": 0.7744149166484625,
                "mean": -2.8294136236683523
            }
        },
        "averageEnthalpy": {
            "CO2": {
                "block": [
                    -2119.2082476041187,
                    -2108.51686622772,
                    -2083.08563550415,
                    -2069.102258667437,
                    -2091.593138820022
                ],
                "confidence": {
                    "[K]": 24.75590755920402,
                    "[kJ/mol]": 0.20583212493900876
                },
                "mean": {
                    "[K]": -2094.30122936469,
                    "[kJ/mol]": -17.412994101371286
                },
                "warning": "Warning: Recompute value of the total enthalpy of adsorption by hand. Need to subtract the ideal-gas energy"
            }
        },
        "averagePressure": {
            "averagePressureTensor": {
                "confidence": [
                    [
                        882.1652739685228,
                        879.8204537948563,
                        474.46681256254107
                    ],
                    [
                        455.0053802477706,
                        2102.9184522359055,
                        417.72035729026805
                    ],
                    [
                        497.37708190932926,
                        673.5374365774711,
                        718.9355358412696
                    ]
                ],
                "mean": [
                    [
                        -88901873.47391175,
                        -287.83180002964946,
                        277.2739233907723
                    ],
                    [
                        -96.40722160966067,
                        -88901323.63962796,
                        -131.63648628769664
                    ],
                    [
                        261.2756828788082,
                        -106.52254339527678,
                        -88901230.43242867
                    ]
                ]
            },
            "excessPressure": {
                "block": [
                    -88903394.66730838,
                    -88903595.27855387,
                    -88901604.7578499,
                    -88901995.25914416,
                    -88902917.12085967
                ],
                "confidence": 1080.0446802767508,
                "mean": -88902701.41674319
            },
            "idealGasPressure": {
                "block": [
                    1248.4932737261945,
                    1288.7672502980072,
                    1242.297277330531,
                    1158.6513259890742,
                    1189.6313079673914
                ],
                "confidence": 63.814405268779424,
                "mean": 1225.5680870622396
            },
            "pressure": {
                "block": [
                    -88902146.17403466,
                    -88902306.51130359,
                    -88900362.46057257,
                    -88900836.60781816,
                    -88901727.4895517
                ],
                "confidence": 1048.0864303559254,
                "mean": -88901475.84865615
            }
        }
    },
    "seed": 176478845,
    "version": "3.0.0"
}