{
    "initialization": {
        "components": {
            "CO2": {
                "acentricFactor": 0.22394,
                "bondTypes": [],
                "cbmcStartingBead": 0,
                "criticalPressure": 7377300.0,
                "criticalTemperature": 304.1282,
                "diagonalizedInertiaVector": [
                    42.2448477588,
                    42.2448477588,
                    0.0
                ],
                "fugacityCoefficient": 1.0,
                "id": 0,
                "mass": 43.9988,
                "molFraction": 1.0,
                "moveProbabilities": {
                    "Gibbs Swap-move (CBMC) probability": 0.0,
                    "Gibbs Swap-move (CFCMC) probability": 0.0,
                    "Gibbs Swap-move (CFCMC/CBMC) probability": 0.0,
                    "Gibbs Volume-move probability": 0.0,
                    "Identity-change (CBMC) probability": 0.0,
                    "Parallel Tempering Swap": 0.0,
                    "Random rotation-move probability": 0.0,
                    "Random translation-move probability": 0.0,
                    "Reinsertion (CBMC) probability": 0.2,
                    "Rotation-move probability": 0.2,
                    "Swap-move (CBMC) probability": 0.0,
                    "Swap-move (CFCMC) probability": 0.4,
                    "Swap-move (CFCMC/CBMC) probability": 0.0,
                    "Translation-move probability": 0.2,
                    "Volume-move probability": 0.0,
                    "Widom (CFCMC) probability": 0.0,
                    "Widom (CFCMC/CBMC) probability": 0.0,
                    "Widom probability": 0.0
                },
                "n_atoms": 3,
                "n_bonds": 0,
                "name": "CO2",
                "netCharge": 0.0,
                "rotationalDOF": 2,
                "shape": "linear",
                "swappable": true,
                "translationalDOF": 3
            },
            "ITQ-29": {
                "bondTypes": [],
                "id": 0,
                "mass": 16177.247999999809,
                "n_bonds": 0,
                "name": "ITQ-29"
            }
        },
        "forceField": {
            "Ewald": {
                "alpha": 0.26505830360350674,
                "kVectors": [
                    7,
                    7,
                    7
                ],
                "precision": 1e-06
            },
            "interactions": [
                {
                    "potential": "Lennard-Jones",
                    "shift [K]": -0.09165246430970038,
                    "tailCorrections": false,
                    "typeA": "O",
                    "typeB": "O",
                    "ε/kʙ [K]": 53.0,
                    "σ/kʙ [Å]": 3.3
                },
                {
                    "potential": "Lennard-Jones",
                    "shift [K]": 0.0,
                    "tailCorrections": false,
                    "typeA": "O",
                    "typeB": "O",
                    "ε/kʙ [K]": 0.0,
                    "σ/kʙ [Å]": 1.65
                },
                {
                    "potential": "Lennard-Jones",
                    "shift [K]": -0.022039405953303906,
                    "tailCorrections": false,
                    "typeA": "O",
                    "typeB": "O",
                    "ε/kʙ [K]": 34.14674215792775,
                    "σ/kʙ [Å]": 2.8
                },
                {
                    "potential": "Lennard-Jones",
                    "shift [K]": 0.0,
                    "tailCorrections": false,
                    "typeA": "O",
                    "typeB": "O",
                    "ε/kʙ [K]": 0.0,
                    "σ/kʙ [Å]": 1.65
                },
                {
                    "potential": "Lennard-Jones",
                    "shift [K]": -0.04066984573939883,
                    "tailCorrections": false,
                    "typeA": "O",
                    "typeB": "O",
                    "ε/kʙ [K]": 39.830252321570846,
                    "σ/kʙ [Å]": 3.0225
                },
                {
                    "potential": "Lennard-Jones",
                    "shift [K]": -0.08959179262189224,
                    "tailCorrections": false,
                    "typeA": "O",
                    "typeB": "O",
                    "ε/kʙ [K]": 67.38369980937526,
                    "σ/kʙ [Å]": 3.1585
                },
                {
                    "potential": "Lennard-Jones",
                    "shift [K]": 0.0,
                    "tailCorrections": false,
                    "typeA": "O",
                    "typeB": "O",
                    "ε/kʙ [K]": 0.0,
                    "σ/kʙ [Å]": 1.65
                },
                {
                    "potential": "Lennard-Jones",
                    "shift [K]": 0.0,
                    "tailCorrections": false,
                    "typeA": "O",
                    "typeB": "O",
                    "ε/kʙ [K]": 0.0,
                    "σ/kʙ [Å]": 1.65
                },
                {
                    "potential": "Lennard-Jones",
                    "shift [K]": 0.0,
                    "tailCorrections": false,
                    "typeA": "O",
                    "typeB": "O",
                    "ε/kʙ [K]": 0.0,
                    "σ/kʙ [Å]": 1.65
                },
                {
                    "potential": "Lennard-Jones",
                    "shift [K]": 0.0,
                    "tailCorrections": false,
                    "typeA": "O",
                    "typeB": "O",
                    "ε/kʙ [K]": 0.0,
                    "σ/kʙ [Å]": 1.65
                },
                {
                    "potential": "Lennard-Jones",
                    "shift [K]": 0.0,
                    "tailCorrections": false,
                    "typeA": "O",
                    "typeB": "O",
                    "ε/kʙ [K]": 0.0,
                    "σ/kʙ [Å]": 1.65
                },
                {
                    "potential": "Lennard-Jones",
                    "shift [K]": -0.22945404337138195,
                    "tailCorrections": false,
                    "typeA": "O",
                    "typeB": "O",
                    "ε/kʙ [K]": 91.65424158215484,
                    "σ/kʙ [Å]": 3.51
                },
                {
                    "potential": "Lennard-Jones",
                    "shift [K]": 0.0,
                    "tailCorrections": false,
                    "typeA": "O",
                    "typeB": "O",
                    "ε/kʙ [K]": 0.0,
                    "σ/kʙ [Å]": 1.65
                },
                {
                    "potential": "Lennard-Jones",
                    "shift [K]": 0.0,
                    "tailCorrections": false,
                    "typeA": "O",
                    "typeB": "O",
                    "ε/kʙ [K]": 0.0,
                    "σ/kʙ [Å]": 1.65
                },
                {
                    "potential": "Lennard-Jones",
                    "shift [K]": 0.0,
                    "tailCorrections": false,
                    "typeA": "O",
                    "typeB": "O",
                    "ε/kʙ [K]": 0.0,
                    "σ/kʙ [Å]": 1.65
                },
                {
                    "potential": "Lennard-Jones",
                    "shift [K]": 0.0,
                    "tailCorrections": false,
                    "typeA": "O",
                    "typeB": "O",
                    "ε/kʙ [K]": 0.0,
                    "σ/kʙ [Å]": 1.65
                },
                {
                    "potential": "Lennard-Jones",
                    "shift [K]": 0.0,
                    "tailCorrections": false,
                    "typeA": "Al",
                    "typeB": "Al",
                    "ε/kʙ [K]": 0.0,
                    "σ/kʙ [Å]": 0.0
                },
                {
                    "potential": "Lennard-Jones",
                    "shift [K]": 0.0,
                    "tailCorrections": false,
                    "typeA": "Al",
                    "typeB": "Al",
                    "ε/kʙ [K]": 0.0,
                    "σ/kʙ [Å]": 1.15
                },
                {
                    "potential": "Lennard-Jones",
                    "shift [K]": 0.0,
                    "tailCorrections": false,
                    "typeA": "Al",
                    "typeB": "Al",
                    "ε/kʙ [K]": 0.0,
                    "σ/kʙ [Å]": 0.0
                },
                {
                    "potential": "Lennard-Jones",
                    "shift [K]": 0.0,
                    "tailCorrections": false,
                    "typeA": "Al",
                    "typeB": "Al",
                    "ε/kʙ [K]": 0.0,
                    "σ/kʙ [Å]": 1.3725
                },
                {
                    "potential": "Lennard-Jones",
                    "shift [K]": 0.0,
                    "tailCorrections": false,
                    "typeA": "Al",
                    "typeB": "Al",
                    "ε/kʙ [K]": 0.0,
                    "σ/kʙ [Å]": 1.5085
                },
                {
                    "potential": "Lennard-Jones",
                    "shift [K]": 0.0,
                    "tailCorrections": false,
                    "typeA": "Al",
                    "typeB": "Al",
                    "ε/kʙ [K]": 0.0,
                    "σ/kʙ [Å]": 0.0
                },
                {
                    "potential": "Lennard-Jones",
                    "shift [K]": 0.0,
                    "tailCorrections": false,
                    "typeA": "Al",
                    "typeB": "Al",
                    "ε/kʙ [K]": 0.0,
                    "σ/kʙ [Å]": 0.0
                },
                {
                    "potential": "Lennard-Jones",
                    "shift [K]": 0.0,
                    "tailCorrections": false,
                    "typeA": "Al",
                    "typeB": "Al",
                    "ε/kʙ [K]": 0.0,
                    "σ/kʙ [Å]": 0.0
                },
                {
                    "potential": "Lennard-Jones",
                    "shift [K]": 0.0,
                    "tailCorrections": false,
                    "typeA": "Al",
                    "typeB": "Al",
                    "ε/kʙ [K]": 0.0,
                    "σ/kʙ [Å]": 0.0
                },
                {
                    "potential": "Lennard-Jones",
                    "shift [K]": 0.0,
                    "tailCorrections": false,
                    "typeA": "Al",
                    "typeB": "Al",
                    "ε/kʙ [K]": 0.0,
                    "σ/kʙ [Å]": 0.0
                },
                {
                    "potential": "Lennard-Jones",
                    "shift [K]": 0.0,
                    "tailCorrections": false,
                    "typeA": "Al",
                    "typeB": "Al",
                    "ε/kʙ [K]": 0.0,
                    "σ/kʙ [Å]": 1.86
                },
                {
                    "potential": "Lennard-Jones",
                    "shift [K]": 0.0,
                    "tailCorrections": false,
                    "typeA": "Al",
                    "typeB": "Al",
                    "ε/kʙ [K]": 0.0,
                    "σ/kʙ [Å]": 0.0
                },
                {
                    "potential": "Lennard-Jones",
                    "shift [K]": 0.0,
                    "tailCorrections": false,
                    "typeA": "Al",
                    "typeB": "Al",
                    "ε/kʙ [K]": 0.0,
                    "σ/kʙ [Å]": 0.0
                },
                {
                    "potential": "Lennard-Jones",
                    "shift [K]": 0.0,
                    "tailCorrections": false,
                    "typeA": "Al",
                    "typeB": "Al",
                    "ε/kʙ [K]": 0.0,
                    "σ/kʙ [Å]": 0.0
                },
                {
                    "potential": "Lennard-Jones",
                    "shift [K]": 0.0,
                    "tailCorrections": false,
                    "typeA": "Al",
                    "typeB": "Al",
                    "ε/kʙ [K]": 0.0,
                    "σ/kʙ [Å]": 0.0
                },
                {
                    "potential": "Lennard-Jones",
                    "shift [K]": -0.004362552641146898,
                    "tailCorrections": false,
                    "typeA": "Si",
                    "typeB": "Si",
                    "ε/kʙ [K]": 22.0,
                    "σ/kʙ [Å]": 2.3
                },
                {
                    "potential": "Lennard-Jones",
                    "shift [K]": 0.0,
                    "tailCorrections": false,
                    "typeA": "Si",
                    "typeB": "Si",
                    "ε/kʙ [K]": 0.0,
                    "σ/kʙ [Å]": 1.15
                },
                {
                    "potential": "Lennard-Jones",
                    "shift [K]": -0.008855407605286284,
                    "tailCorrections": false,
                    "typeA": "Si",
                    "typeB": "Si",
                    "ε/kʙ [K]": 25.661761436035526,
                    "σ/kʙ [Å]": 2.5225
                },
                {
                    "potential": "Lennard-Jones",
                    "shift [K]": -0.020529076412946656,
                    "tailCorrections": false,
                    "typeA": "Si",
                    "typeB": "Si",
                    "ε/kʙ [K]": 43.41384571769702,
                    "σ/kʙ [Å]": 2.6585
                },
                {
                    "potential": "Lennard-Jones",
                    "shift [K]": 0.0,
                    "tailCorrections": false,
                    "typeA": "Si",
                    "typeB": "Si",
                    "ε/kʙ [K]": 0.0,
                    "σ/kʙ [Å]": 1.15
                },
                {
                    "potential": "Lennard-Jones",
                    "shift [K]": 0.0,
                    "tailCorrections": false,
                    "typeA": "Si",
                    "typeB": "Si",
                    "ε/kʙ [K]": 0.0,
                    "σ/kʙ [Å]": 1.15
                },
                {
                    "potential": "Lennard-Jones",
                    "shift [K]": 0.0,
                    "tailCorrections": false,
                    "typeA": "Si",
                    "typeB": "Si",
                    "ε/kʙ [K]": 0.0,
                    "σ/kʙ [Å]": 1.15
                },
                {
                    "potential": "Lennard-Jones",
                    "shift [K]": 0.0,
                    "tailCorrections": false,
                    "typeA": "Si",
                    "typeB": "Si",
                    "ε/kʙ [K]": 0.0,
                    "σ/kʙ [Å]": 1.15
                },
                {
                    "potential": "Lennard-Jones",
                    "shift [K]": 0.0,
                    "tailCorrections": false,
                    "typeA": "Si",
                    "typeB": "Si",
                    "ε/kʙ [K]": 0.0,
                    "σ/kʙ [Å]": 1.15
                },
                {
                    "potential": "Lennard-Jones",
                    "shift [K]": -0.05881515983195495,
                    "tailCorrections": false,
                    "typeA": "Si",
                    "typeB": "Si",
                    "ε/kʙ [K]": 59.0508255657785,
                    "σ/kʙ [Å]": 3.01
                },
                {
                    "potential": "Lennard-Jones",
                    "shift [K]": 0.0,
                    "tailCorrections": false,
                    "typeA": "Si",
                    "typeB": "Si",
                    "ε/kʙ [K]": 0.0,
                    "σ/kʙ [Å]": 1.15
                },
                {
                    "potential": "Lennard-Jones",
                    "shift [K]": 0.0,
                    "tailCorrections": false,
                    "typeA": "Si",
                    "typeB": "Si",
                    "ε/kʙ [K]": 0.0,
                    "σ/kʙ [Å]": 1.15
                },
                {
                    "potential": "Lennard-Jones",
                    "shift [K]": 0.0,
                    "tailCorrections": false,
                    "typeA": "Si",
                    "typeB": "Si",
                    "ε/kʙ [K]": 0.0,
                    "σ/kʙ [Å]": 1.15
                },
                {
                    "potential": "Lennard-Jones",
                    "shift [K]": 0.0,
                    "tailCorrections": false,
                    "typeA": "Si",
                    "typeB": "Si",
                    "ε/kʙ [K]": 0.0,
                    "σ/kʙ [Å]": 1.15
                },
                {
                    "potential": "Lennard-Jones",
                    "shift [K]": 0.0,
                    "tailCorrections": false,
                    "typeA": "He",
                    "typeB": "He",
                    "ε/kʙ [K]": 0.0,
                    "σ/kʙ [Å]": 0.0
                },
                {
                    "potential": "Lennard-Jones",
                    "shift [K]": 0.0,
                    "tailCorrections": false,
                    "typeA": "He",
                    "typeB": "He",
                    "ε/kʙ [K]": 0.0,
                    "σ/kʙ [Å]": 1.3725
                },
                {
                    "potential": "Lennard-Jones",
                    "shift [K]": 0.0,
                    "tailCorrections": false,
                    "typeA": "He",
                    "typeB": "He",
                    "ε/kʙ [K]": 0.0,
                    "σ/kʙ [Å]": 1.5085
                },
                {
                    "potential": "Lennard-Jones",
                    "shift [K]": 0.0,
                    "tailCorrections": false,
                    "typeA": "He",
                    "typeB": "He",
                    "ε/kʙ [K]": 0.0,
                    "σ/kʙ [Å]": 0.0
                },
                {
                    "potential": "Lennard-Jones",
                    "shift [K]": 0.0,
                    "tailCorrections": false,
                    "typeA": "He",
                    "typeB": "He",
                    "ε/kʙ [K]": 0.0,
                    "σ/kʙ [Å]": 0.0
                },
                {
                    "potential": "Lennard-Jones",
                    "shift [K]": 0.0,
                    "tailCorrections": false,
                    "typeA": "He",
                    "typeB": "He",
                    "ε/kʙ [K]": 0.0,
                    "σ/kʙ [Å]": 0.0
                },
                {
                    "potential": "Lennard-Jones",
                    "shift [K]": 0.0,
                    "tailCorrections": false,
                    "typeA": "He",
                    "typeB": "He",
                    "ε/kʙ [K]": 0.0,
                    "σ/kʙ [Å]": 0.0
                },
                {
                    "potential": "Lennard-Jones",
                    "shift [K]": 0.0,
                    "tailCorrections": false,
                    "typeA": "He",
                    "typeB": "He",
                    "ε/kʙ [K]": 0.0,
                    "σ/kʙ [Å]": 0.0
                },
                {
                    "potential": "Lennard-Jones",
                    "shift [K]": 0.0,
                    "tailCorrections": false,
                    "typeA": "He",
                    "typeB": "He",
                    "ε/kʙ [K]": 0.0,
                    "σ/kʙ [Å]": 1.86
                },
                {
                    "potential": "Lennard-Jones",
                    "shift [K]": 0.0,
                    "tailCorrections": false,
                    "typeA": "He",
                    "typeB": "He",
                    "ε/kʙ [K]": 0.0,
                    "σ/kʙ [Å]": 0.0
                },
                {
                    "potential": "Lennard-Jones",
                    "shift [K]": 0.0,
                    "tailCorrections": false,
                    "typeA": "He",
                    "typeB": "He",
                    "ε/kʙ [K]": 0.0,
                    "σ/kʙ [Å]": 0.0
                },
                {
                    "potential": "Lennard-Jones",
                    "shift [K]": 0.0,
                    "tailCorrections": false,
                    "typeA": "He",
                    "typeB": "He",
                    "ε/kʙ [K]": 0.0,
                    "σ/kʙ [Å]": 0.0
                },
                {
                    "potential": "Lennard-Jones",
                    "shift [K]": 0.0,
                    "tailCorrections": false,
                    "typeA": "He",
                    "typeB": "He",
                    "ε/kʙ [K]": 0.0,
                    "σ/kʙ [Å]": 0.0
                },
                {
                    "potential": "Lennard-Jones",
                    "shift [K]": -0.01715199439068579,
                    "tailCorrections": false,
                    "typeA": "C_co2",
                    "typeB": "C_co2",
                    "ε/kʙ [K]": 29.933,
                    "σ/kʙ [Å]": 2.745
                },
                {
                    "potential": "Lennard-Jones",
                    "shift [K]": -0.038782957981496516,
                    "tailCorrections": false,
                    "typeA": "C_co2",
                    "typeB": "C_co2",
                    "ε/kʙ [K]": 50.63980690129061,
                    "σ/kʙ [Å]": 2.8810000000000002
                },
                {
                    "potential": "Lennard-Jones",
                    "shift [K]": 0.0,
                    "tailCorrections": false,
                    "typeA": "C_co2",
                    "typeB": "C_co2",
                    "ε/kʙ [K]": 0.0,
                    "σ/kʙ [Å]": 1.3725
                },
                {
                    "potential": "Lennard-Jones",
                    "shift [K]": 0.0,
                    "tailCorrections": false,
                    "typeA": "C_co2",
                    "typeB": "C_co2",
                    "ε/kʙ [K]": 0.0,
                    "σ/kʙ [Å]": 1.3725
                },
                {
                    "potential": "Lennard-Jones",
                    "shift [K]": 0.0,
                    "tailCorrections": false,
                    "typeA": "C_co2",
                    "typeB": "C_co2",
                    "ε/kʙ [K]": 0.0,
                    "σ/kʙ [Å]": 1.3725
                },
                {
                    "potential": "Lennard-Jones",
                    "shift [K]": 0.0,
                    "tailCorrections": false,
                    "typeA": "C_co2",
                    "typeB": "C_co2",
                    "ε/kʙ [K]": 0.0,
                    "σ/kʙ [Å]": 1.3725
                },
                {
                    "potential": "Lennard-Jones",
                    "shift [K]": 0.0,
                    "tailCorrections": false,
                    "typeA": "C_co2",
                    "typeB": "C_co2",
                    "ε/kʙ [K]": 0.0,
                    "σ/kʙ [Å]": 1.3725
                },
                {
                    "potential": "Lennard-Jones",
                    "shift [K]": -0.10522707769023552,
                    "tailCorrections": false,
                    "typeA": "C_co2",
                    "typeB": "C_co2",
                    "ε/kʙ [K]": 68.87946355772524,
                    "σ/kʙ [Å]": 3.2325
                },
                {
                    "potential": "Lennard-Jones",
                    "shift [K]": 0.0,
                    "tailCorrections": false,
                    "typeA": "C_co2",
                    "typeB": "C_co2",
                    "ε/kʙ [K]": 0.0,
                    "σ/kʙ [Å]": 1.3725
                },
                {
                    "potential": "Lennard-Jones",
                    "shift [K]": 0.0,
                    "tailCorrections": false,
                    "typeA": "C_co2",
                    "typeB": "C_co2",
                    "ε/kʙ [K]": 0.0,
                    "σ/kʙ [Å]": 1.3725
                },
                {
                    "potential": "Lennard-Jones",
                    "shift [K]": 0.0,
                    "tailCorrections": false,
                    "typeA": "C_co2",
                    "typeB": "C_co2",
                    "ε/kʙ [K]": 0.0,
                    "σ/kʙ [Å]": 1.3725
                },
                {
                    "potential": "Lennard-Jones",
                    "shift [K]": 0.0,
                    "tailCorrections": false,
                    "typeA": "C_co2",
                    "typeB": "C_co2",
                    "ε/kʙ [K]": 0.0,
                    "σ/kʙ [Å]": 1.3725
                },
                {
                    "potential": "Lennard-Jones",
                    "shift [K]": -0.08652637573490223,
                    "tailCorrections": false,
                    "typeA": "O_co2",
                    "typeB": "O_co2",
                    "ε/kʙ [K]": 85.671,
                    "σ/kʙ [Å]": 3.017
                },
                {
                    "potential": "Lennard-Jones",
                    "shift [K]": 0.0,
                    "tailCorrections": false,
                    "typeA": "O_co2",
                    "typeB": "O_co2",
                    "ε/kʙ [K]": 0.0,
                    "σ/kʙ [Å]": 1.5085
                },
                {
                    "potential": "Lennard-Jones",
                    "shift [K]": 0.0,
                    "tailCorrections": false,
                    "typeA": "O_co2",
                    "typeB": "O_co2",
                    "ε/kʙ [K]": 0.0,
                    "σ/kʙ [Å]": 1.5085
                },
                {
                    "potential": "Lennard-Jones",
                    "shift [K]": 0.0,
                    "tailCorrections": false,
                    "typeA": "O_co2",
                    "typeB": "O_co2",
                    "ε/kʙ [K]": 0.0,
                    "σ/kʙ [Å]": 1.5085
                },
                {
                    "potential": "Lennard-Jones",
                    "shift [K]": 0.0,
                    "tailCorrections": false,
                    "typeA": "O_co2",
                    "typeB": "O_co2",
                    "ε/kʙ [K]": 0.0,
                    "σ/kʙ [Å]": 1.5085
                },
                {
                    "potential": "Lennard-Jones",
                    "shift [K]": 0.0,
                    "tailCorrections": false,
                    "typeA": "O_co2",
                    "typeB": "O_co2",
                    "ε/kʙ [K]": 0.0,
                    "σ/kʙ [Å]": 1.5085
                },
                {
                    "potential": "Lennard-Jones",
                    "shift [K]": -0.22793490983088277,
                    "tailCorrections": false,
                    "typeA": "O_co2",
                    "typeB": "O_co2",
                    "ε/kʙ [K]": 116.52833775524304,
                    "σ/kʙ [Å]": 3.3685
                },
                {
                    "potential": "Lennard-Jones",
                    "shift [K]": 0.0,
                    "tailCorrections": false,
                    "typeA": "O_co2",
                    "typeB": "O_co2",
                    "ε/kʙ [K]": 0.0,
                    "σ/kʙ [Å]": 1.5085
                },
                {
                    "potential": "Lennard-Jones",
                    "shift [K]": 0.0,
                    "tailCorrections": false,
                    "typeA": "O_co2",
                    "typeB": "O_co2",
                    "ε/kʙ [K]": 0.0,
                    "σ/kʙ [Å]": 1.5085
                },
                {
                    "potential": "Lennard-Jones",
                    "shift [K]": 0.0,
                    "tailCorrections": false,
                    "typeA": "O_co2",
                    "typeB": "O_co2",
                    "ε/kʙ [K]": 0.0,
                    "σ/kʙ [Å]": 1.5085
                },
                {
                    "potential": "Lennard-Jones",
                    "shift [K]": 0.0,
                    "tailCorrections": false,
                    "typeA": "O_co2",
                    "typeB": "O_co2",
                    "ε/kʙ [K]": 0.0,
                    "σ/kʙ [Å]": 1.5085
                },
                {
                    "potential": "Lennard-Jones",
                    "shift [K]": 0.0,
                    "tailCorrections": false,
                    "typeA": "O_o2",
                    "typeB": "O_o2",
                    "ε/kʙ [K]": 0.0,
                    "σ/kʙ [Å]": 0.0
                },
                {
                    "potential": "Lennard-Jones",
                    "shift [K]": 0.0,
                    "tailCorrections": false,
                    "typeA": "O_o2",
                    "typeB": "O_o2",
                    "ε/kʙ [K]": 0.0,
                    "σ/kʙ [Å]": 0.0
                },
                {
                    "potential": "Lennard-Jones",
                    "shift [K]": 0.0,
                    "tailCorrections": false,
                    "typeA": "O_o2",
                    "typeB": "O_o2",
                    "ε/kʙ [K]": 0.0,
                    "σ/kʙ [Å]": 0.0
                },
                {
                    "potential": "Lennard-Jones",
                    "shift [K]": 0.0,
                    "tailCorrections": false,
                    "typeA": "O_o2",
                    "typeB": "O_o2",
                    "ε/kʙ [K]": 0.0,
                    "σ/kʙ [Å]": 0.0
                },
                {
                    "potential": "Lennard-Jones",
                    "shift [K]": 0.0,
                    "tailCorrections": false,
                    "typeA": "O_o2",
                    "typeB": "O_o2",
                    "ε/kʙ [K]": 0.0,
                    "σ/kʙ [Å]": 0.0
                },
                {
                    "potential": "Lennard-Jones",
                    "shift [K]": 0.0,
                    "tailCorrections": false,
                    "typeA": "O_o2",
                    "typeB": "O_o2",
                    "ε/kʙ [K]": 0.0,
                    "σ/kʙ [Å]": 1.86
                },
                {
                    "potential": "Lennard-Jones",
                    "shift [K]": 0.0,
                    "tailCorrections": false,
                    "typeA": "O_o2",
                    "typeB": "O_o2",
                    "ε/kʙ [K]": 0.0,
                    "σ/kʙ [Å]": 0.0
                },
                {
                    "potential": "Lennard-Jones",
                    "shift [K]": 0.0,
                    "tailCorrections": false,
                    "typeA": "O_o2",
                    "typeB": "O_o2",
                    "ε/kʙ [K]": 0.0,
                    "σ/kʙ [Å]": 0.0
                },
                {
                    "potential": "Lennard-Jones",
                    "shift [K]": 0.0,
                    "tailCorrections": false,
                    "typeA": "O_o2",
                    "typeB": "O_o2",
                    "ε/kʙ [K]": 0.0,
                    "σ/kʙ [Å]": 0.0
                },
                {
                    "potential": "Lennard-Jones",
                    "shift [K]": 0.0,
                    "tailCorrections": false,
                    "typeA": "O_o2",
                    "typeB": "O_o2",
                    "ε/kʙ [K]": 0.0,
                    "σ/kʙ [Å]": 0.0
                },
                {
                    "potential": "Lennard-Jones",
                    "shift [K]": 0.0,
                    "tailCorrections": false,
                    "typeA": "O_com",
                    "typeB": "O_com",
                    "ε/kʙ [K]": 0.0,
                    "σ/kʙ [Å]": 0.0
                },
                {
                    "potential": "Lennard-Jones",
                    "shift [K]": 0.0,
                    "tailCorrections": false,
                    "typeA": "O_com",
                    "typeB": "O_com",
                    "ε/kʙ [K]": 0.0,
                    "σ/kʙ [Å]": 0.0
                },
                {
                    "potential": "Lennard-Jones",
                    "shift [K]": 0.0,
                    "tailCorrections": false,
                    "typeA": "O_com",
                    "typeB": "O_com",
                    "ε/kʙ [K]": 0.0,
                    "σ/kʙ [Å]": 0.0
                },
                {
                    "potential": "Lennard-Jones",
                    "shift [K]": 0.0,
                    "tailCorrections": false,
                    "typeA": "O_com",
                    "typeB": "O_com",
                    "ε/kʙ [K]": 0.0,
                    "σ/kʙ [Å]": 0.0
                },
                {
                    "potential": "Lennard-Jones",
                    "shift [K]": 0.0,
                    "tailCorrections": false,
                    "typeA": "O_com",
                    "typeB": "O_com",
                    "ε/kʙ [K]": 0.0,
                    "σ/kʙ [Å]": 1.86
                },
                {
                    "potential": "Lennard-Jones",
                    "shift [K]": 0.0,
                    "tailCorrections": false,
                    "typeA": "O_com",
                    "typeB": "O_com",
                    "ε/kʙ [K]": 0.0,
                    "σ/kʙ [Å]": 0.0
                },
                {
                    "potential": "Lennard-Jones",
                    "shift [K]": 0.0,
                    "tailCorrections": false,
                    "typeA": "O_com",
                    "typeB": "O_com",
                    "ε/kʙ [K]": 0.0,
                    "σ/kʙ [Å]": 0.0
                },
                {
                    "potential": "Lennard-Jones",
                    "shift [K]": 0.0,
                    "tailCorrections": false,
                    "typeA": "O_com",
                    "typeB": "O_com",
                    "ε/kʙ [K]": 0.0,
                    "σ/kʙ [Å]": 0.0
                },
                {
                    "potential": "Lennard-Jones",
                    "shift [K]": 0.0,
                    "tailCorrections": false,
                    "typeA": "O_com",
                    "typeB": "O_com",
                    "ε/kʙ [K]": 0.0,
                    "σ/kʙ [Å]": 0.0
                },
                {
                    "potential": "Lennard-Jones",
                    "shift [K]": 0.0,
                    "tailCorrections": false,
                    "typeA": "N_n2",
                    "typeB": "N_n2",
                    "ε/kʙ [K]": 0.0,
                    "σ/kʙ [Å]": 0.0
                },
                {
                    "potential": "Lennard-Jones",
                    "shift [K]": 0.0,
                    "tailCorrections": false,
                    "typeA": "N_n2",
                    "typeB": "N_n2",
                    "ε/kʙ [K]": 0.0,
                    "σ/kʙ [Å]": 0.0
                },
                {
                    "potential": "Lennard-Jones",
                    "shift [K]": 0.0,
                    "tailCorrections": false,
                    "typeA": "N_n2",
                    "typeB": "N_n2",
                    "ε/kʙ [K]": 0.0,
                    "σ/kʙ [Å]": 0.0
                },
                {
                    "potential": "Lennard-Jones",
                    "shift [K]": 0.0,
                    "tailCorrections": false,
                    "typeA": "N_n2",
                    "typeB": "N_n2",
                    "ε/kʙ [K]": 0.0,
                    "σ/kʙ [Å]": 1.86
                },
                {
                    "potential": "Lennard-Jones",
                    "shift [K]": 0.0,
                    "tailCorrections": false,
                    "typeA": "N_n2",
                    "typeB": "N_n2",
                    "ε/kʙ [K]": 0.0,
                    "σ/kʙ [Å]": 0.0
                },
                {
                    "potential": "Lennard-Jones",
                    "shift [K]": 0.0,
                    "tailCorrections": false,
                    "typeA": "N_n2",
                    "typeB": "N_n2",
                    "ε/kʙ [K]": 0.0,
                    "σ/kʙ [Å]": 0.0
                },
                {
                    "potential": "Lennard-Jones",
                    "shift [K]": 0.0,
                    "tailCorrections": false,
                    "typeA": "N_n2",
                    "typeB": "N_n2",
                    "ε/kʙ [K]": 0.0,
                    "σ/kʙ [Å]": 0.0
                },
                {
                    "potential": "Lennard-Jones",
                    "shift [K]": 0.0,
                    "tailCorrections": false,
                    "typeA": "N_n2",
                    "typeB": "N_n2",
                    "ε/kʙ [K]": 0.0,
                    "σ/kʙ [Å]": 0.0
                },
                {
                    "potential": "Lennard-Jones",
                    "shift [K]": 0.0,
                    "tailCorrections": false,
                    "typeA": "N_com",
                    "typeB": "N_com",
                    "ε/kʙ [K]": 0.0,
                    "σ/kʙ [Å]": 0.0
                },
                {
                    "potential": "Lennard-Jones",
                    "shift [K]": 0.0,
                    "tailCorrections": false,
                    "typeA": "N_com",
                    "typeB": "N_com",
                    "ε/kʙ [K]": 0.0,
                    "σ/kʙ [Å]": 0.0
                },
                {
                    "potential": "Lennard-Jones",
                    "shift [K]": 0.0,
                    "tailCorrections": false,
                    "typeA": "N_com",
                    "typeB": "N_com",
                    "ε/kʙ [K]": 0.0,
                    "σ/kʙ [Å]": 1.86
                },
                {
                    "potential": "Lennard-Jones",
                    "shift [K]": 0.0,
                    "tailCorrections": false,
                    "typeA": "N_com",
                    "typeB": "N_com",
                    "ε/kʙ [K]": 0.0,
                    "σ/kʙ [Å]": 0.0
                },
                {
                    "potential": "Lennard-Jones",
                    "shift [K]": 0.0,
                    "tailCorrections": false,
                    "typeA": "N_com",
                    "typeB": "N_com",
                    "ε/kʙ [K]": 0.0,
                    "σ/kʙ [Å]": 0.0
                },
                {
                    "potential": "Lennard-Jones",
                    "shift [K]": 0.0,
                    "tailCorrections": false,
                    "typeA": "N_com",
                    "typeB": "N_com",
                    "ε/kʙ [K]": 0.0,
                    "σ/kʙ [Å]": 0.0
                },
                {
                    "potential": "Lennard-Jones",
                    "shift [K]": 0.0,
                    "tailCorrections": false,
                    "typeA": "N_com",
                    "typeB": "N_com",
                    "ε/kʙ [K]": 0.0,
                    "σ/kʙ [Å]": 0.0
                },
                {
                    "potential": "Lennard-Jones",
                    "shift [K]": 0.0,
                    "tailCorrections": false,
                    "typeA": "Ar",
                    "typeB": "Ar",
                    "ε/kʙ [K]": 0.0,
                    "σ/kʙ [Å]": 0.0
                },
                {
                    "potential": "Lennard-Jones",
                    "shift [K]": 0.0,
                    "tailCorrections": false,
                    "typeA": "Ar",
                    "typeB": "Ar",
                    "ε/kʙ [K]": 0.0,
                    "σ/kʙ [Å]": 1.86
                },
                {
                    "potential": "Lennard-Jones",
                    "shift [K]": 0.0,
                    "tailCorrections": false,
                    "typeA": "Ar",
                    "typeB": "Ar",
                    "ε/kʙ [K]": 0.0,
                    "σ/kʙ [Å]": 0.0
                },
                {
                    "potential": "Lennard-Jones",
                    "shift [K]": 0.0,
                    "tailCorrections": false,
                    "typeA": "Ar",
                    "typeB": "Ar",
                    "ε/kʙ [K]": 0.0,
                    "σ/kʙ [Å]": 0.0
                },
                {
                    "potential": "Lennard-Jones",
                    "shift [K]": 0.0,
                    "tailCorrections": false,
                    "typeA": "Ar",
                    "typeB": "Ar",
                    "ε/kʙ [K]": 0.0,
                    "σ/kʙ [Å]": 0.0
                },
                {
                    "potential": "Lennard-Jones",
                    "shift [K]": 0.0,
                    "tailCorrections": false,
                    "typeA": "Ar",
                    "typeB": "Ar",
                    "ε/kʙ [K]": 0.0,
                    "σ/kʙ [Å]": 0.0
                },
                {
                    "potential": "Lennard-Jones",
                    "shift [K]": -0.5621779555490783,
                    "tailCorrections": false,
                    "typeA": "CH4",
                    "typeB": "CH4",
                    "ε/kʙ [K]": 158.5,
                    "σ/kʙ [Å]": 3.72
                },
                {
                    "potential": "Lennard-Jones",
                    "shift [K]": 0.0,
                    "tailCorrections": false,
                    "typeA": "CH4",
                    "typeB": "CH4",
                    "ε/kʙ [K]": 0.0,
                    "σ/kʙ [Å]": 1.86
                },
                {
                    "potential": "Lennard-Jones",
                    "shift [K]": 0.0,
                    "tailCorrections": false,
                    "typeA": "CH4",
                    "typeB": "CH4",
                    "ε/kʙ [K]": 0.0,
                    "σ/kʙ [Å]": 1.86
                },
                {
                    "potential": "Lennard-Jones",
                    "shift [K]": 0.0,
                    "tailCorrections": false,
                    "typeA": "CH4",
                    "typeB": "CH4",
                    "ε/kʙ [K]": 0.0,
                    "σ/kʙ [Å]": 1.86
                },
                {
                    "potential": "Lennard-Jones",
                    "shift [K]": 0.0,
                    "tailCorrections": false,
                    "typeA": "CH4",
                    "typeB": "CH4",
                    "ε/kʙ [K]": 0.0,
                    "σ/kʙ [Å]": 1.86
                },
                {
                    "potential": "Lennard-Jones",
                    "shift [K]": 0.0,
                    "tailCorrections": false,
                    "typeA": "CH3",
                    "typeB": "CH3",
                    "ε/kʙ [K]": 0.0,
                    "σ/kʙ [Å]": 0.0
                },
                {
                    "potential": "Lennard-Jones",
                    "shift [K]": 0.0,
                    "tailCorrections": false,
                    "typeA": "CH3",
                    "typeB": "CH3",
                    "ε/kʙ [K]": 0.0,
                    "σ/kʙ [Å]": 0.0
                },
                {
                    "potential": "Lennard-Jones",
                    "shift [K]": 0.0,
                    "tailCorrections": false,
                    "typeA": "CH3",
                    "typeB": "CH3",
                    "ε/kʙ [K]": 0.0,
                    "σ/kʙ [Å]": 0.0
                },
                {
                    "potential": "Lennard-Jones",
                    "shift [K]": 0.0,
                    "tailCorrections": false,
                    "typeA": "CH3",
                    "typeB": "CH3",
                    "ε/kʙ [K]": 0.0,
                    "σ/kʙ [Å]": 0.0
                },
                {
                    "potential": "Lennard-Jones",
                    "shift [K]": 0.0,
                    "tailCorrections": false,
                    "typeA": "CH2",
                    "typeB": "CH2",
                    "ε/kʙ [K]": 0.0,
                    "σ/kʙ [Å]": 0.0
                },
                {
                    "potential": "Lennard-Jones",
                    "shift [K]": 0.0,
                    "tailCorrections": false,
                    "typeA": "CH2",
                    "typeB": "CH2",
                    "ε/kʙ [K]": 0.0,
                    "σ/kʙ [Å]": 0.0
                },
                {
                    "potential": "Lennard-Jones",
                    "shift [K]": 0.0,
                    "tailCorrections": false,
                    "typeA": "CH2",
                    "typeB": "CH2",
                    "ε/kʙ [K]": 0.0,
                    "σ/kʙ [Å]": 0.0
                },
                {
                    "potential": "Lennard-Jones",
                    "shift [K]": 0.0,
                    "tailCorrections": false,
                    "typeA": "CH",
                    "typeB": "CH",
                    "ε/kʙ [K]": 0.0,
                    "σ/kʙ [Å]": 0.0
                },
                {
                    "potential": "Lennard-Jones",
                    "shift [K]": 0.0,
                    "tailCorrections": false,
                    "typeA": "CH",
                    "typeB": "CH",
                    "ε/kʙ [K]": 0.0,
                    "σ/kʙ [Å]": 0.0
                },
                {
                    "potential": "Lennard-Jones",
                    "shift [K]": 0.0,
                    "tailCorrections": false,
                    "typeA": "C",
                    "typeB": "C",
                    "ε/kʙ [K]": 0.0,
                    "σ/kʙ [Å]": 0.0
                }
            ],
            "pseudoAtoms": [
                {
                    "charge": -1.025,
                    "mass": 28.0855,
                    "name": "O",
                    "source": "P. Bai, M. Tsapatsis, J. I. Siepmann, J. Phys. Chem. C 2013, 117, 24375-24387"
                },
                {
                    "charge": 1.75,
                    "mass": 26.98154,
                    "name": "Al",
                    "source": "P. Bai, M. Tsapatsis, J. I. Siepmann, J. Phys. Chem. C 2013, 117, 24375-24387"
                },
                {
                    "charge": 2.05,
                    "mass": 28.0855,
                    "name": "Si",
                    "source": "P. Bai, M. Tsapatsis, J. I. Siepmann, J. Phys. Chem. C 2013, 117, 24375-24387"
                },
                {
                    "charge": 0.0,
                    "mass": 4.002602,
                    "name": "He",
                    "source": "J.O. Hirschfelder et al., Molecular Theory of Gases and Liquids, Wiley, New York, 1954, p. 1114"
                },
                {
                    "charge": 0.6512,
                    "mass": 12.0,
                    "name": "C_co2",
                    "source": "A. Garcia-Sanchez et al., J. Phys. Chem. C 2009, 113, 8814-8820"
                },
                {
                    "charge": -0.3256,
                    "mass": 15.9994,
                    "name": "O_co2",
                    "source": "A. Garcia-Sanchez et al., J. Phys. Chem. C 2009, 113, 8814-8820"
                },
                {
                    "charge": -0.112,
                    "mass": 15.9994,
                    "name": "O_o2",
                    "source": "A. Martin-Calvo et al. , Phys. Chem. Chem. Phys. 2011, 13, 11165-11174"
                },
                {
                    "charge": 0.224,
                    "mass": 0.0,
                    "name": "O_com",
                    "source": "A. Martin-Calvo et al. , Phys. Chem. Chem. Phys. 2011, 13, 11165-11174"
                },
                {
                    "charge": -0.405,
                    "mass": 14.00674,
                    "name": "N_n2",
                    "source": "A. Martin-Calvo et al. , Phys. Chem. Chem. Phys. 2011, 13, 11165-11174"
                },
                {
                    "charge": 0.81,
                    "mass": 0.0,
                    "name": "N_com",
                    "source": "A. Martin-Calvo et al. , Phys. Chem. Chem. Phys. 2011, 13, 11165-11174"
                },
                {
                    "charge": 0.0,
                    "mass": 39.948,
                    "name": "Ar",
                    "source": "A. Martin-Calvo et al. , Phys. Chem. Chem. Phys. 2011, 13, 11165-11174"
                },
                {
                    "charge": 0.0,
                    "mass": 16.04246,
                    "name": "CH4",
                    "source": "M. G. Martin et al., J. Chem. Phys. 2001, 114, 7174-7181"
                },
                {
                    "charge": 0.0,
                    "mass": 15.03452,
                    "name": "CH3",
                    "source": "D. Dubbeldam et al., J. Phys. Chem. B, 108(33), 12301-12313"
                },
                {
                    "charge": 0.0,
                    "mass": 14.02658,
                    "name": "CH2",
                    "source": "D. Dubbeldam et al., J. Phys. Chem. B, 108(33), 12301-12313"
                },
                {
                    "charge": 0.0,
                    "mass": 13.01864,
                    "name": "CH",
                    "source": "D. Dubbeldam et al., J. Phys. Chem. B, 108(33), 12301-12313"
                },
                {
                    "charge": 0.0,
                    "mass": 12.0,
                    "name": "C",
                    "source": "D. Dubbeldam et al., J. Phys. Chem. B, 108(33), 12301-12313"
                }
            ]
        },
        "hardwareInfo": {
            "compile_date": "Aug 17 2024",
            "compile_time": "15:37:29",
            "compiler": "gcc Homebrew Clang 18.1.8",
            "cpu_model": "MacPro7,1",
            "hostname": "MacPro.fritz.box",
            "os_arch": "x86_64",
            "os_release": "23.5.0",
            "os_type": "Darwin",
            "os_version": "23F79",
            "start_date": "Sun, Aug 18",
            "start_time": "09:07:00"
        },
        "initialConditions": {
            "beta": 0.004009077391850886,
            "box": [
                [
                    23.7342,
                    0.0,
                    0.0
                ],
                [
                    1.4533006030161557e-15,
                    23.7342,
                    0.0
                ],
                [
                    1.4533006030161557e-15,
                    1.4533006030161557e-15,
                    23.7342
                ]
            ],
            "boxAngles": [
                90.0,
                90.0,
                90.0
            ],
            "boxLengths": [
                23.7342,
                23.7342,
                23.7342
            ],
            "pressure": 10000000.0,
            "temperature": 300.0
        },
        "reactions": null,
        "units": {
            "Boltzmann constant [-]": 0.8314464919307584,
            "Coulomb potential [K]": 167101.08000665612,
            "Energy to Kelvin [-]": 1.202724284692786,
            "Kelvin to energy [-]": 0.8314457542157568,
            "acceleration [m²/s]": 1.0000000000000002e-08,
            "charge [C/particle]": 1.60217733e-19,
            "dielectric constant [s² C²/(kg m³)]": 1.5458657349975197e-05,
            "diffusion [m²/s]": 1.0000000000000002e-08,
            "dipole moment [C.m]": 1.60217733e-29,
            "electric field [V]": 1036427.222447343,
            "electric potential [V]": 0.00010364272224473431,
            "energy [J]": 1.6605402000000002e-23,
            "force [N]": 1.6605402000000002e-13,
            "length [m]": 1e-10,
            "mass [kg]": 1.6605402e-27,
            "polarizability [-]": 1.5458657349975198e-35,
            "pressure [Pa]": 16605402.0,
            "temperature": "Kelvin",
            "time [s]": 1e-12,
            "velocity [m/s]": 100.0
        }
    },
    "output": {
        "MCMoveStatistics": {
            "CO2": {
                "percentage": {
                    "insertionDeletionCFCMC": 39.996398067918754,
                    "reinsertionCBMC": 20.000097507062375,
                    "rotation": 20.00305981401164,
                    "translation": 20.000444611007232
                }
            },
            "summedOverAllSystems": {
                "count": {
                    "InsertionDeletionCBCFCMC": 0,
                    "countTotal": 37740856,
                    "deletion": 0,
                    "deletionCBMC": 0,
                    "difference": 0,
                    "gibbsSwapCBMC": 0,
                    "gibbsSwapCFCMC": 0,
                    "gibbsVolume": 0,
                    "insertion": 0,
                    "insertionCBMC": 0,
                    "insertionDeletionCFCMC": 15094983,
                    "parallelTemperingSwap": 0,
                    "randomRotation": 0,
                    "randomTranslation": 0,
                    "reinsertionCBMC": 7548208,
                    "rotation": 7549326,
                    "sum": 37740856,
                    "translation": 7548339,
                    "volume": 0,
                    "widomCBCFCMC": 0,
                    "widomCBMC": 0,
                    "widomCFCMC": 0
                },
                "percentage": {
                    "insertionDeletionCBMC": 39.996398067918754,
                    "reinsertionCBMC": 20.000097507062375,
                    "rotation": 20.00305981401164,
                    "translation": 20.000444611007232
                }
            },
            "system": {
                "CO2": {
                    "reinsertionCBMC": {
                        "accepted": 31412.0,
                        "all": 7548208,
                        "constructed": 2855180.0,
                        "fraction": 0.004161517541646971,
                        "maxChange": 0.0,
                        "total": 7548208.0
                    },
                    "rotation": {
                        "accepted": [
                            1265285.0,
                            1253553.0,
                            1256489.0
                        ],
                        "all": 7549326,
                        "constructed": [
                            2516820.0,
                            2515326.0,
                            2517139.0
                        ],
                        "fraction": [
                            0.5027302234122568,
                            0.4983604693414923,
                            0.4991722765275739
                        ],
                        "maxChange": [
                            0.7485991291292163,
                            0.7592712260579297,
                            0.7260826322795645
                        ],
                        "total": [
                            2516827.0,
                            2515354.0,
                            2517145.0
                        ]
                    },
                    "swapCFCMC": {
                        "accepted": [
                            602154.0,
                            602156.0,
                            4758709.0
                        ],
                        "all": 15094983,
                        "constructed": [
                            1460659.0,
                            2819509.0,
                            8665356.0
                        ],
                        "fraction": [
                            0.2168853574991806,
                            0.21356768146510616,
                            0.5009639856559103
                        ],
                        "maxChange": [
                            0.0,
                            0.0,
                            0.7824616819063948
                        ],
                        "total": [
                            2776370.0,
                            2819509.0,
                            9499104.0
                        ]
                    },
                    "translation": {
                        "accepted": [
                            1252470.0,
                            1257006.0,
                            1255202.0
                        ],
                        "all": 7548339,
                        "constructed": [
                            2513679.0,
                            2517821.0,
                            2516826.0
                        ],
                        "fraction": [
                            0.49825953080928836,
                            0.49924359197893736,
                            0.498723790421912
                        ],
                        "maxChange": [
                            0.6451270270204702,
                            0.6525612150170047,
                            0.6451701591510572
                        ],
                        "total": [
                            2513690.0,
                            2517821.0,
                            2516828.0
                        ]
                    }
                },
                "lambdaStatistics": {
                    "CFCMC": {
                        "excessChemicalPotential": {
                            "blocks": {
                                "[K]": [
                                    -4.702494015956055,
                                    -3.522056157290817,
                                    6.96207194811072,
                                    -3.1440265350996652,
                                    9.504499227062714
                                ]
                            },
                            "confidence": {
                                "[K]": 8.281972512077344,
                                "[kJ/mol]": 0.06886016991178938
                            },
                            "mean": {
                                "[K]": -339.6709761673285,
                                "[kJ/mol]": -2.8241824153457378
                            }
                        },
                        "idealGasChemicalPotential": {
                            "confidence": {
                                "[K]": 2.2474522355733013,
                                "[kJ/mol]": 0.018686362769802338
                            },
                            "mean": {
                                "[K]": -1557.1055044972402,
                                "[kJ/mol]": -12.946499092324103
                            }
                        },
                        "imposedChemicalPotential": {
                            "[K]": -1807.9027377216494,
                            "[kJ/mol]": -15.031743889750713
                        },
                        "imposedFugacity": 10000000.0,
                        "measuredFugacity": {
                            "confidence": 178906.95083222684,
                            "mean": 7436048.156987555
                        },
                        "totalGasChemicalPotential": {
                            "confidence": {
                                "[K]": 7.204993791816312,
                                "[kJ/mol]": 0.05990566812366952
                            },
                            "mean": {
                                "[K]": -1896.776480664569,
                                "[kJ/mol]": -15.77068150766984
                            }
                        }
                    },
                    "thermodynamicIntegration": {
                        "excessChemicalPotential": {
                            "blocks": [],
                            "confidence": {
                                "[K]": 8.285683100803906,
                                "[kJ/mol]": 0.06889102147158523
                            },
                            "mean": {
                                "[K]": -343.1651603498376,
                                "[kJ/mol]": -2.8532346871517347
                            }
                        },
                        "idealChemicalPotential": {
                            "confidence": {
                                "[K]": 2.2474522355733013,
                                "[kJ/mol]": 0.018686362769802338
                            },
                            "mean": {
                                "[K]": -1557.1055044972402,
                                "[kJ/mol]": -12.946499092324103
                            }
                        },
                        "imposedChemicalPotential": {
                            "[K]": -1807.9027377216494,
                            "[kJ/mol]": -15.031743889750713
                        },
                        "imposedFugacity": 10000000.0,
                        "measuredFugacity": {
                            "confidence": 217913.18405592215,
                            "mean": 7349940.924866507
                        },
                        "totalChemicalPotential": {
                            "confidence": {
                                "[K]": 8.910951912343156,
                                "[kJ/mol]": 0.07408979707007314
                            },
                            "mean": {
                                "[K]": -1900.270664847078,
                                "[kJ/mol]": -15.799733779475838
                            }
                        }
                    }
                },
                "system": null
            }
        },
        "cpuTimings": {
            "CO2": {
                "reinsertionCBMC": {
                    "Ewald": 218.14903799237598,
                    "nonEwald": 11983.505985989388,
                    "overhead": 6.141837015617057,
                    "total": 12207.796860997381
                },
                "rotation": {
                    "Ewald": 567.3475300217984,
                    "ExternalField-Molecule": 0.5836899999964409,
                    "Framework-Molecule": 2336.705908041899,
                    "Molecule-Molecule": 853.5598669786008,
                    "overhead": 25.503782957365274,
                    "total": 3783.7007779996597
                },
                "swapCFCMC": {
                    "deletion": {
                        "Ewald": 432.10609400348153,
                        "ExternalField": 0.4685639999953783,
                        "Framework": 1726.8768530120449,
                        "Molecule": 642.7769839985567,
                        "Tail": 190.31111099911607
                    },
                    "insertion": {
                        "Ewald": 307.675799994973,
                        "ExternalField": 0.397083999996686,
                        "Framework": 1154.0076349794685,
                        "Molecule": 408.7451260080675,
                        "Tail": 118.17132600105026
                    },
                    "lambda": {
                        "Ewald": 704.1166960201647,
                        "ExternalField": 0.7719100000023444,
                        "Framework": 2852.7757000428683,
                        "Molecule": 1004.9803449629937,
                        "Tail": 326.10400697779284
                    },
                    "overhead": 52.74449711154193,
                    "total": 9923.029732112116
                },
                "translation": {
                    "Ewald": 574.8702510192796,
                    "ExternalField-Molecule": 0.6165959999976649,
                    "Framework-Molecule": 2338.5443120451955,
                    "Molecule-Molecule": 861.751648970956,
                    "overhead": 25.20629697773211,
                    "total": 3800.989105013161
                }
            },
            "equilibration": 17307.986973000156,
            "initialization": 0.0,
            "production": 30944.664079000668,
            "summedSystemsAndComponents": {
                "allSummed": 30896.61603912231,
                "energyPressureSampling": 1177.3063090000014,
                "overhead": 48.048039878358395,
                "productionSimulationTime": 30944.664079000668,
                "propertySampling": 3.7932539999892074,
                "reinsertionCBMC": {
                    "Ewald": 218.14903799237598,
                    "nonEwald": 11983.505985989388,
                    "overhead": 6.141837015617057,
                    "total": 12207.796860997381
                },
                "rotation": {
                    "Ewald": 567.3475300217984,
                    "ExternalField-Molecule": 0.5836899999964409,
                    "Framework-Molecule": 2336.705908041899,
                    "Molecule-Molecule": 853.5598669786008,
                    "overhead": 25.503782957365274,
                    "total": 3783.7007779996597
                },
                "swapCFCMC": {
                    "deletion": {
                        "Ewald": 432.10609400348153,
                        "ExternalField": 0.4685639999953783,
                        "Framework": 1726.8768530120449,
                        "Molecule": 642.7769839985567,
                        "Tail": 190.31111099911607
                    },
                    "insertion": {
                        "Ewald": 307.675799994973,
                        "ExternalField": 0.397083999996686,
                        "Framework": 1154.0076349794685,
                        "Molecule": 408.7451260080675,
                        "Tail": 118.17132600105026
                    },
                    "lambda": {
                        "Ewald": 704.1166960201647,
                        "ExternalField": 0.7719100000023444,
                        "Framework": 2852.7757000428683,
                        "Molecule": 1004.9803449629937,
                        "Tail": 326.10400697779284
                    },
                    "overhead": 52.74449711154193,
                    "total": 9923.029732112116
                },
                "translation": {
                    "Ewald": 574.8702510192796,
                    "ExternalField-Molecule": 0.6165959999976649,
                    "Framework-Molecule": 2338.5443120451955,
                    "Molecule-Molecule": 861.751648970956,
                    "overhead": 25.20629697773211,
                    "total": 3800.989105013161
                }
            },
            "system": {
                "energyPressureSampling": 1177.3063090000014,
                "propertySampling": 3.7932539999892074
            },
            "total": 48252.65105200064
        },
        "drift": {
            "Ewald Fourier [K]": -5.0099308499674944e-09,
            "Ewald exclusion [K]": 1.7347924745808842e-07,
            "Ewald self [K]": 1.3581506863143322e-08,
            "Total potential energy [K]": 1.5430587017899885e-07,
            "Van der Waals (Tail) [K]": 0.0,
            "dU/dlambda Ewald [K]": -6.167509966534391e-07,
            "dU/dlambda Real [K]": 7.009425154055572e-09,
            "dU/dlambda VDW [K]": 5.884481005982563e-09,
            "external field Real [K]": 0.0,
            "external field VDW [K]": 0.0,
            "framework-molecule Rea [K]": -3.3866257448688566e-09,
            "framework-molecule VDW [K]": -2.161489816492526e-08,
            "intra Coulombic [K]": 0.0,
            "intra VDW [K]": 0.0,
            "molecule-molecule Real [K]": -3.211606326529381e-09,
            "molecule-molecule VDW [K]": 4.681769440580978e-10,
            "polarization [K]": 0.0
        },
        "recomputedEnergies": {
            "Ewald Fourier [K]": -6138.74605220664,
            "Ewald exclusion [K]": 1140919.4060241396,
            "Ewald self [K]": -1144453.8220024656,
            "Total potential energy [K]": -210588.6298989927,
            "Van der Waals (Tail) [K]": 0.0,
            "dU/dlambda Ewald [K]": -379.9697221639853,
            "dU/dlambda Real [K]": -73.29506755207956,
            "dU/dlambda VDW [K]": -3197.4339480191243,
            "external field Real [K]": 0.0,
            "external field VDW [K]": 0.0,
            "framework-molecule Rea [K]": -26556.04313034926,
            "framework-molecule VDW [K]": -123794.74923512038,
            "intra Coulombic [K]": 0.0,
            "intra VDW [K]": 0.0,
            "molecule-molecule Real [K]": -11856.983390755011,
            "molecule-molecule VDW [K]": -38707.69211223556,
            "polarization [K]": 0.0
        },
        "runningEnergies": {
            "Ewald Fourier [K]": -6138.746052211651,
            "Ewald exclusion [K]": 1140919.406024313,
            "Ewald self [K]": -1144453.8220024519,
            "Total potential energy [K]": -210588.62989883855,
            "Van der Waals (Tail) [K]": 0.0,
            "dU/dlambda Ewald [K]": -379.9697227807363,
            "dU/dlambda Real [K]": -73.29506754507013,
            "dU/dlambda VDW [K]": -3197.43394801324,
            "external field Real [K]": 0.0,
            "external field VDW [K]": 0.0,
            "framework-molecule Rea [K]": -26556.043130352646,
            "framework-molecule VDW [K]": -123794.74923514201,
            "intra Coulombic [K]": 0.0,
            "intra VDW [K]": 0.0,
            "molecule-molecule Real [K]": -11856.983390758223,
            "molecule-molecule VDW [K]": -38707.6921122351,
            "polarization [K]": 0.0
        }
    },
    "properties": {
        "averageEnergies": {
            "Framework-Molecule": {
                "CO2-ITQ-29": {
                    "coulombFourier": {
                        "block": [
                            -9423.334379353026,
                            -9538.344078712478,
                            -9373.373026224028,
                            -9547.785690636054,
                            -9195.542725037243
                        ],
                        "confidence": 178.62382847680783,
                        "mean": -9415.902432819774
                    },
                    "coulombReal": {
                        "block": [
                            -24341.42152143828,
                            -24119.27458213684,
                            -24271.70413500136,
                            -24497.015973899943,
                            -24542.0189536386
                        ],
                        "confidence": 213.07602932797863,
                        "mean": -24354.393363219533
                    },
                    "tailCorrection": {
                        "block": [
                            0.0,
                            0.0,
                            0.0,
                            0.0,
                            0.0
                        ],
                        "confidence": 0.0,
                        "mean": 0.0
                    },
                    "total": {
                        "block": [
                            -159494.52189693996,
                            -159340.80420633237,
                            -159440.2267074037,
                            -161031.18714467195,
                            -158761.362962507
                        ],
                        "confidence": 1048.7494947171772,
                        "mean": -159615.24631814982
                    },
                    "vanDerWaals": {
                        "block": [
                            -125729.76599614868,
                            -125683.18554548263,
                            -125795.14954617854,
                            -126986.38548013613,
                            -125023.80128383214
                        ],
                        "confidence": 882.0246606948439,
                        "mean": -125844.95052211072
                    }
                }
            },
            "Molecule-Molecule": {
                "CO2-CO2": {
                    "coulombFourier": {
                        "block": [
                            -3139.768906510857,
                            -3086.489531915135,
                            -3133.0273522686707,
                            -3166.3776543736853,
                            -3109.913790478055
                        ],
                        "confidence": 37.67058080897775,
                        "mean": -3127.1484442020733
                    },
                    "coulombReal": {
                        "block": [
                            -24388.01871556596,
                            -24730.17955997584,
                            -24158.654279025566,
                            -24969.802139438187,
                            -23886.499583164514
                        ],
                        "confidence": 538.3667984741286,
                        "mean": -24427.49576712504
                    },
                    "tailCorrection": {
                        "block": [
                            0.0,
                            0.0,
                            0.0,
                            0.0,
                            0.0
                        ],
                        "confidence": 0.0,
                        "mean": 0.0
                    },
                    "total": {
                        "block": [
                            -116283.2400678007,
                            -116288.0594874862,
                            -115616.61385381894,
                            -118419.69676452494,
                            -114510.14313986171
                        ],
                        "confidence": 1770.444165061636,
                        "mean": -116226.47312790417
                    },
                    "vanDerWaals": {
                        "block": [
                            -88755.45244572409,
                            -88471.39039559629,
                            -88324.93222252428,
                            -90283.51697071269,
                            -87513.72976621962
                        ],
                        "confidence": 1257.843223024024,
                        "mean": -88671.82891657726
                    }
                }
            },
            "totalEnergy": {
                "block": [
                    -217636.1419308394,
                    -217484.8339500743,
                    -217248.53363431265,
                    -220241.03552693492,
                    -216016.43453243803
                ],
                "confidence": 1917.4779962737366,
                "mean": -217728.48288210153
            }
        },
        "averageEnthalpy": {
            "CO2": {
                "block": [
                    -3865.0813015224307,
                    -3616.2788515829297,
                    -3663.7531098961604,
                    -3670.826917664059,
                    -3606.6984765259185
                ],
                "confidence": {
                    "[K]": 130.1085337843333,
                    "[kJ/mol]": 1.0817828398123657
                },
                "mean": {
                    "[K]": -3684.5277314383,
                    "[kJ/mol]": -30.634876566126405
                },
                "warning": "Warning: Recompute value of the total enthalpy of adsorption by hand. Need to subtract the ideal-gas energy"
            }
        },
        "averagePressure": {
            "averagePressureTensor": {
                "confidence": [
                    [
                        2171874.5167007246,
                        591204.6083892856,
                        936863.4819762363
                    ],
                    [
                        787542.6169397641,
                        2124000.4695184594,
                        281057.49459636916
                    ],
                    [
                        678414.8842377015,
                        372892.4017696512,
                        2191393.545810807
                    ]
                ],
                "mean": [
                    [
                        -122956298.52617694,
                        506379.5579596365,
                        -243995.04114553856
                    ],
                    [
                        587997.70227186,
                        -122088669.43562457,
                        -366921.2647584593
                    ],
                    [
                        -92793.84063238271,
                        -309369.32477881917,
                        -122081184.94955741
                    ]
                ]
            },
            "excessPressure": {
                "block": [
                    -145144722.4436432,
                    -146719666.34899706,
                    -144456767.86886832,
                    -143524488.19574833,
                    -147390716.19780707
                ],
                "confidence": 1979124.3888635582,
                "mean": -145446354.56709266
            },
            "idealGasPressure": {
                "block": [
                    23064927.270703893,
                    23031792.107263036,
                    23062691.183563404,
                    23290690.43568201,
                    22904052.270055886
                ],
                "confidence": 173114.88499831967,
                "mean": 23070970.26330635
            },
            "pressure": {
                "block": [
                    -122079795.1729393,
                    -123687874.24173403,
                    -121394076.6853049,
                    -120233797.76006632,
                    -124486663.9277512
                ],
                "confidence": 2133809.015003993,
                "mean": -122375384.30378631
            }
        }
    },
    "seed": 3462465151,
    "version": "3.0.0"
}